stable_player_id,player,pos,num_off,num_on,delta_scar,delta_pct,rank_off,rank_on,delta_rank,rho_num,rho_ratio,w
afl-player-v1-5691b6e2d0faf55f8715,Ryley Sanders,MID,3953,3579,-374,-9.46,28,38,10,7.1542,0.3959,0.0921
afl-player-v1-d4326256dc1cb8e54f15,Nick Watson,GEN_FWD,3537,3192,-345,-9.75,40,52,12,6.8086,0.8942,0.0926
afl-player-v1-bc6b9ef5332c2f4e8715,Darcy Wilmot,GEN_DEF,4182,3871,-311,-7.44,23,27,4,12.9111,1.0204,0.0972
afl-player-v1-12cdb476c70ab6740733,Will Ashcroft,MID,4957,4718,-239,-4.82,15,18,3,16.3519,0.9049,0.0968
afl-player-v1-62d2d5acac0d15a15a79,Mac Andrew,KEY_DEF,3872,3633,-239,-6.17,31,37,6,11.7383,1.6257,0.097
afl-player-v1-212726adeb014d2063cf,Sam Berry,MID,3610,3408,-202,-5.6,38,43,5,11.2654,0.6234,0.0988
afl-player-v1-a0647984be62bcc3cab3,Luke Jackson,RUC,8799,8607,-192,-2.18,1,1,0,37.8922,3.445,0.0995
afl-player-v1-6b6ba869803850018d0a,Connor MacDonald,GEN_FWD,2462,2276,-186,-7.55,74,83,9,7.3333,0.9631,0.0988
afl-player-v1-678c7cda11ddaff2aa8a,Finn Callaghan,MID,5663,5478,-185,-3.27,11,11,0,21.6602,1.1986,0.097
afl-player-v1-ce22c3da857dc9f69e14,Lachlan Ash,GEN_DEF,5552,5374,-178,-3.21,12,12,0,26.1556,2.0672,0.0997
afl-player-v1-53cf9ea07c8d23470b27,Bodhi Uwland,GEN_DEF,3375,3201,-174,-5.16,47,51,4,12.4161,0.9813,0.0926
afl-player-v1-e0445624468b8061dc74,Jake Bowey,GEN_DEF,3521,3349,-172,-4.88,42,46,4,14.4916,1.1453,0.0973
afl-player-v1-deef4fc4d61618986f7c,Kieren Briggs,RUC,2070,1913,-157,-7.58,102,115,13,5.322,0.4838,0.0842
afl-player-v1-d12a2f85b92e8396e034,Harry Sheezel,MID,8006,7854,-152,-1.9,3,3,0,32.9067,1.821,0.097
afl-player-v1-1c150e0d509e17a4deac,Jason Horne-Francis,MID,3929,3779,-150,-3.82,29,30,1,15.076,0.8343,0.0988
afl-player-v1-d7dc302f0061f9c3a6a3,Josh Rachele,GEN_FWD,2123,1974,-149,-7.02,94,112,18,5.6782,0.7458,0.0933
afl-player-v1-f264b9550d46c3b1d3f6,Tom De Koning,RUC,1983,1837,-146,-7.36,111,128,17,4.3865,0.3988,0.0727
afl-player-v1-3a6df4b9ca059308ea0d,Nasiah Wanganeen-Milera,MID,6662,6517,-145,-2.18,7,7,0,27.9117,1.5446,0.098
afl-player-v1-25c90ee89147d316c6b8,Nick Daicos,MID,8140,8000,-140,-1.72,2,2,0,33.5791,1.8582,0.0986
afl-player-v1-65668cce074d71131911,Logan Morris,KEY_FWD,3254,3120,-134,-4.12,51,54,3,3.3955,0.5124,0.0524
afl-player-v1-413b1edfe188fa8c778c,Reuben Ginbey,KEY_DEF,2812,2679,-133,-4.73,60,64,4,3.8875,0.5384,0.0628
afl-player-v1-c23c541c8c5162167ffa,Jordan Clark,GEN_DEF,3875,3742,-133,-3.43,30,32,2,19.2006,1.5175,0.0997
afl-player-v1-ab3fe74846e344f27891,Harvey Thomas,GEN_FWD,2312,2180,-132,-5.71,84,88,4,5.4139,0.7111,0.0835
afl-player-v1-b256e4d9e5432a4e53a4,Nick Blakey,GEN_DEF,4341,4213,-128,-2.95,21,21,0,22.2959,1.7622,0.0999
afl-player-v1-a0c3571f3dfb3a833c8f,Harley Reid,MID,3468,3343,-125,-3.6,44,47,3,3.625,0.2006,0.0562
afl-player-v1-401083e67cc655ae73fb,Josh Treacy,KEY_FWD,6838,6714,-124,-1.81,6,6,0,27.5651,4.1594,0.0988
afl-player-v1-a2337d2b6345bdb9ed5e,Riley Thilthorpe,KEY_FWD,4226,4103,-123,-2.91,22,24,2,15.1145,2.2807,0.0973
afl-player-v1-0f0c9d6196abee42b21e,Archie Roberts,GEN_DEF,5062,4940,-122,-2.41,14,14,0,20.665,1.6333,0.0829
afl-player-v1-a7b458195fd4ad591d40,Murphy Reid,GEN_FWD,3991,3871,-120,-3.01,25,28,3,12.2684,1.6113,0.0816
afl-player-v1-4f35404527e341d9abbc,Jack Ginnivan,GEN_FWD,2189,2075,-114,-5.21,87,99,12,8.4328,1.1076,0.0987
afl-player-v1-172361cf97bb47a65030,Hayden Young,MID,2634,2529,-105,-3.99,66,71,5,9.564,0.5292,0.0946
afl-player-v1-92c19d79435c34d4b286,Trent Rivers,GEN_DEF,2114,2018,-96,-4.54,96,106,10,3.8721,0.306,0.0639
afl-player-v1-4e4aba980a507c437f78,Aaron Cadman,KEY_FWD,2929,2837,-92,-3.14,59,60,1,3.2052,0.4836,0.0491
afl-player-v1-945c3ad0f520c0dd489a,Shannon Neale,KEY_FWD,2409,2317,-92,-3.82,79,82,3,7.2965,1.101,0.0929
afl-player-v1-248c051e7df555f47a45,Josh Worrell,GEN_DEF,3470,3381,-89,-2.56,43,44,1,17.8841,1.4135,0.0959
afl-player-v1-0eb1e4c909a009f45d6e,Willem Duursma,MID,4342,4255,-87,-2.0,20,20,0,6.3,0.3486,0.0477
afl-player-v1-95e6edb27f0d4ea676f1,Chad Warner,MID,2761,2674,-87,-3.15,61,65,4,11.6886,0.6468,0.0995
afl-player-v1-46b344bd8a10773aecd3,Connor Idun,GEN_DEF,2071,1986,-85,-4.1,101,110,9,9.6214,0.7604,0.0995
afl-player-v1-308ccebe1548de60b409,Errol Gulden,MID,5926,5844,-82,-1.38,9,10,1,27.4434,1.5186,0.098
afl-player-v1-d8c86c5bdaf14f79a1b2,Bailey J. Williams,RUC,2132,2061,-71,-3.33,93,101,8,1.1032,0.1003,0.018
afl-player-v1-41dcbd971cb800328d08,Max Holmes,MID,6899,6836,-63,-0.91,5,5,0,32.7414,1.8118,0.0994
afl-player-v1-00c3832708c5db482c28,Tom Powell,GEN_FWD,2411,2352,-59,-2.45,78,81,3,3.8506,0.5057,0.0634
afl-player-v1-dbd3e05880424b29dd77,Sam Durham,MID,1748,1689,-59,-3.38,133,136,3,3.8859,0.215,0.064
afl-player-v1-857aa1779d3df97c9dfc,Sam Taylor,KEY_DEF,2036,1979,-57,-2.8,104,111,7,3.6897,0.511,0.0612
afl-player-v1-77265b1aa054f910d1c1,Jai Newcombe,MID,4170,4114,-56,-1.34,24,23,-1,20.4334,1.1307,0.0988
afl-player-v1-d06df65863958adcd922,Darcy Wilson,GEN_FWD,2427,2373,-54,-2.22,76,79,3,4.1637,0.5469,0.0642
afl-player-v1-d6e8ec84d8c2b89ba890,Dylan Moore,GEN_FWD,1632,1581,-51,-3.12,144,155,11,7.8945,1.0369,0.0995
afl-player-v1-12db94dd106d8c37bd22,Jye Caldwell,MID,1448,1401,-47,-3.25,167,176,9,5.7515,0.3183,0.0932
afl-player-v1-8f3aa1080752eb0e534b,Aaron Naughton,KEY_FWD,1722,1680,-42,-2.44,135,139,4,6.6271,1.0,0.1
afl-player-v1-c6bb2d8cdbc03d55b932,Lloyd Meek,RUC,1269,1229,-40,-3.15,189,198,9,1.5824,0.1439,0.0257
afl-player-v1-db32b01dc9266718b9db,Will Day,MID,3614,3576,-38,-1.05,37,39,2,18.1454,1.0041,0.0958
afl-player-v1-4a55aae7811189362c4a,Jack Ross,MID,2112,2075,-37,-1.75,97,100,3,10.3441,0.5724,0.0987
afl-player-v1-246485594049e2517cdf,Reilly O'Brien,RUC,1230,1193,-37,-3.01,197,202,5,6.2253,0.566,0.0998
afl-player-v1-6cade3f7f33048badf28,Connor O'Sullivan,KEY_DEF,2996,2963,-33,-1.1,57,58,1,3.2492,0.45,0.0449
afl-player-v1-225c5c03a81a8580efd3,Sam Flanders,MID,2027,1996,-31,-1.53,106,109,3,10.104,0.5591,0.0987
afl-player-v1-3651e562d369a0c13ec4,Justin McInerney,MID,1884,1854,-30,-1.59,119,124,5,9.4801,0.5246,0.0996
afl-player-v1-286f534d3d1cc573c098,Kane Farrell,GEN_DEF,1598,1569,-29,-1.81,149,157,8,9.3918,0.7423,0.0993
afl-player-v1-970c598ee4fc55acaa39,Caleb Serong,MID,4560,4533,-27,-0.59,19,19,0,24.4491,1.353,0.0997
afl-player-v1-02380b2ddf7c0a01c83c,George Wardlaw,MID,3124,3098,-26,-0.83,55,55,0,2.0638,0.1142,0.0298
afl-player-v1-0161f6e4e64f66732e03,Mark Keane,KEY_DEF,2171,2146,-25,-1.15,88,91,3,9.1897,1.2728,0.0838
afl-player-v1-6bfc71843f2ecd457c94,Daniel Turner,KEY_DEF,1607,1586,-21,-1.31,148,154,6,4.389,0.6079,0.0668
afl-player-v1-87957120b42751e30451,Adam Cerra,MID,1184,1166,-18,-1.52,200,204,4,5.0043,0.2769,0.0834
afl-player-v1-18eaf6797d5fb90f0f52,Jack Lukosius,KEY_FWD,1484,1467,-17,-1.15,160,167,7,3.7798,0.5704,0.0627
afl-player-v1-87c66ca32aae205ac1ce,Kade Chandler,GEN_FWD,1239,1222,-17,-1.37,196,200,4,6.9007,0.9063,0.0972
afl-player-v1-109270d490b83c704afb,Tom McCartin,KEY_DEF,1684,1667,-17,-1.01,137,141,4,9.2202,1.277,0.1
afl-player-v1-b75b9dd65a15a8ffab49,Ben Miller,KEY_DEF,1240,1223,-17,-1.37,195,199,4,5.192,0.7191,0.0847
afl-player-v1-762b0db67968a431f13b,Sam Darcy,KEY_FWD,4840,4824,-16,-0.33,16,15,-1,19.4733,2.9384,0.0839
afl-player-v1-33f13e3f7a2a5dfdd21c,James Peatling,MID,1389,1374,-15,-1.08,176,179,3,3.1282,0.1731,0.0506
afl-player-v1-1e375a8a1f94f8a23dfd,Kysaiah Pickett,GEN_FWD,3867,3853,-14,-0.36,32,29,-3,25.0395,3.2886,0.0998
afl-player-v1-569acef3f5da1997d202,Andrew McGrath,GEN_DEF,1074,1063,-11,-1.02,212,217,5,4.3741,0.3457,0.0729
afl-player-v1-55d24843de9c3958ab7b,Mitch Georgiades,KEY_FWD,1403,1393,-10,-0.71,173,177,4,3.9517,0.5963,0.0651
afl-player-v1-e415df5077f164469cba,Dan Houston,GEN_DEF,1248,1240,-8,-0.64,193,196,3,8.3427,0.6594,0.1
afl-player-v1-8aeac02b34655edd2291,Gryan Miers,GEN_FWD,1909,1904,-5,-0.26,115,116,1,12.5668,1.6505,0.0998
afl-player-v1-289911b71c417a06fb30,Nicholas Martin,MID,3339,3336,-3,-0.09,48,48,0,18.6142,1.0301,0.0973
afl-player-v1-a9f80c63a274e4e1bbb3,Charlie Curnow,KEY_FWD,1250,1247,-3,-0.24,192,194,2,4.2534,0.6418,0.0708
afl-player-v1-9434d7c5b43141a33554,Joel Jeffrey,GEN_DEF,1957,1955,-2,-0.1,112,114,2,2.8449,0.2248,0.0423
afl-player-v1-8614727698f7e9af562e,Marc Pittonet,RUC,506,504,-2,-0.4,362,367,5,2.4405,0.2219,0.04
afl-player-v1-72c1c11700fc61dae98d,Jase Burgoyne,GEN_DEF,2092,2091,-1,-0.05,99,97,-2,2.5401,0.2008,0.0394
afl-player-v1-6864d3b68960de314967,Zeke Uwland,GEN_DEF,2463,2463,0,0.0,73,74,1,-33.6,,0.0
afl-player-v1-da27734b8bd79dd7b863,Harry Dean,KEY_DEF,2052,2052,0,0.0,103,103,0,-11.8,,0.0
afl-player-v1-966ce678436f2d41e439,Cooper Duff-Tytler,KEY_FWD,1649,1649,0,0.0,142,144,2,-17.3,,0.0
afl-player-v1-0240af654fa3bcbf3f1e,Dylan Patterson,GEN_DEF,970,970,0,0.0,225,227,2,,,0.0
afl-player-v1-a5b652e10f1562485b41,Daniel Annable,MID,2029,2029,0,0.0,105,105,0,-40.1,,0.0
afl-player-v1-234a98bedf9e30668ee1,Sam Cumming,MID,2119,2119,0,0.0,95,94,-1,-18.8,,0.0
afl-player-v1-896343cd9a0c539cb6e0,Samuel Grlj,MID,2374,2374,0,0.0,82,78,-4,-20.3,,0.0
afl-player-v1-b80306d235d7edf322ad,Sullivan Robey,MID,2200,2200,0,0.0,86,87,1,-21.3,,0.0
afl-player-v1-75c7189cf23a00883ccc,Jacob Farrow,GEN_DEF,2245,2245,0,0.0,85,85,0,-7.3,,0.0
afl-player-v1-1f09c43ab0e1bffce94e,Xavier Taylor,GEN_DEF,937,937,0,0.0,231,233,2,-36.3,,0.0
afl-player-v1-b742ee37ea9fdb64884a,Latrelle Pickett,GEN_FWD,580,580,0,0.0,329,335,6,-34.1,,0.0
afl-player-v1-62148c46129794e49893,Dyson Sharp,MID,1647,1647,0,0.0,143,145,2,-32.8,,0.0
afl-player-v1-582c17fa8f38599ba36e,Harry Kyle,GEN_DEF,923,923,0,0.0,236,237,1,-29.6,,0.0
afl-player-v1-a73efb3e3e613ef91d32,Oskar Taylor,GEN_DEF,825,825,0,0.0,257,260,3,,,0.0
afl-player-v1-c59fa0756ba5dab93e77,Lachy Dovaston,GEN_FWD,863,863,0,0.0,250,253,3,-32.4,,0.0
afl-player-v1-225291ffe5be1a04069a,Jai Murray,MID,1174,1174,0,0.0,201,203,2,-25.1,,0.0
afl-player-v1-3d6217d573e09fb1f436,Beau Addinsall,MID,1101,1101,0,0.0,208,210,2,,,0.0
afl-player-v1-527601186c70f68adedc,Josh Lindsay,GEN_DEF,2360,2360,0,0.0,83,80,-3,-4.0,,0.0
afl-player-v1-cd052426fa39db3f0120,Cameron Nairn,GEN_FWD,797,797,0,0.0,263,267,4,-30.2,,0.0
afl-player-v1-b2ae5922a33d3679421d,Lachlan Carmichael,GEN_DEF,635,635,0,0.0,309,312,3,,,0.0
afl-player-v1-4d39af42b1b14e098249,Mitchell Marsh,KEY_FWD,697,697,0,0.0,294,294,0,,,0.0
afl-player-v1-1bb3cfdf101d072c0ae7,Aidan Schubert,KEY_FWD,691,691,0,0.0,295,295,0,,,0.0
afl-player-v1-14d8cbd7324c66aac70c,Harley Barker,MID,736,736,0,0.0,282,283,1,,,0.0
afl-player-v1-963c8126427fc70e52df,Adam Sweid,GEN_FWD,642,642,0,0.0,304,308,4,,,0.0
afl-player-v1-df6adfebbf5e3baac9a4,Blake Thredgold,KEY_DEF,541,541,0,0.0,352,354,2,,,0.0
afl-player-v1-95fa45c52eff59104176,Louis Emmett,RUC,779,779,0,0.0,269,272,3,-45.7,,0.0
afl-player-v1-4a22ace5803958977c40,Avery Thomas,GEN_DEF,553,553,0,0.0,344,349,5,,,0.0
afl-player-v1-5aad4aa1e2445dd70350,Sam Allen,MID,813,813,0,0.0,259,263,4,,,0.0
afl-player-v1-53f60d044b28fa287bb8,Thomas Matthews,GEN_FWD,583,583,0,0.0,328,332,4,,,0.0
afl-player-v1-9d46cc1ec1cb3092cfa7,Zane Peucker,GEN_FWD,573,573,0,0.0,337,343,6,,,0.0
afl-player-v1-06d57f98203becdb27a7,Tyan Prindable,MID,735,735,0,0.0,284,285,1,,,0.0
afl-player-v1-eabbae6380ed2ba8edf0,Hunter Holmes,MID,712,712,0,0.0,290,290,0,,,0.0
afl-player-v1-6ff292e2d05fcf5981b5,Jack Dalton,GEN_FWD,576,576,0,0.0,332,338,6,-34.4,,0.0
afl-player-v1-9ad6dcd7a2e1ad357061,Jevan Phillipou,GEN_FWD,526,526,0,0.0,357,359,2,,,0.0
afl-player-v1-770aaa73c350c53af8f8,Max Kondogiannis,GEN_DEF,516,516,0,0.0,359,361,2,-36.7,,0.0
afl-player-v1-72d1e9ef09766768bcd4,Samuel Swadling,MID,640,640,0,0.0,306,309,3,,,0.0
afl-player-v1-baed67cf85334ee2b9d8,Koby Evans,GEN_FWD,491,491,0,0.0,370,373,3,,,0.0
afl-player-v1-6ee5771dc5cb49ab69e0,Tylah Williams,GEN_FWD,480,480,0,0.0,378,381,3,,,0.0
afl-player-v1-0ba4f535cce6ff129607,Tobyn Murray,GEN_FWD,449,449,0,0.0,396,397,1,,,0.0
afl-player-v1-87e4c971ec1689a965d6,Charlie Banfield,MID,812,812,0,0.0,260,264,4,-25.8,,0.0
afl-player-v1-db88060ca4ea6c950bdf,Billy Cootee,MID,86,86,0,0.0,681,681,0,-44.1,,0.0
afl-player-v1-fdb2a94cef6232ae9d2f,Cody Curtin,KEY_FWD,720,720,0,0.0,286,287,1,-37.0,,0.0
afl-player-v1-8e2e6a62b231249ed929,Tai Hayes,GEN_FWD,293,293,0,0.0,499,500,1,,,0.0
afl-player-v1-f23f5d01a5ebc72d7028,Talor Byrne,GEN_FWD,441,441,0,0.0,400,401,1,-31.1,,0.0
afl-player-v1-0fa22cd878479f034b34,Koby Coulson,MID,551,551,0,0.0,346,351,5,,,0.0
afl-player-v1-fd858670fdee0bfec2ff,Jack Ison,GEN_FWD,491,491,0,0.0,369,372,3,-17.7,,0.0
afl-player-v1-4ed12365ade6e2fc03a5,Hugo Mikunda,GEN_FWD,392,392,0,0.0,433,435,2,,,0.0
afl-player-v1-5f43c9c902f7780ce789,Maxwell King,GEN_FWD,265,265,0,0.0,534,534,0,,,0.0
afl-player-v1-d5ca041c63ab84bc8fd8,Archie Ludowyke,KEY_FWD,399,399,0,0.0,428,430,2,,,0.0
afl-player-v1-057315d23e7e0bf3c26f,Finnegan Davis,GEN_DEF,460,460,0,0.0,388,390,2,,,0.0
afl-player-v1-e96690ef130d34b1cb13,Kye Fincher,MID,511,511,0,0.0,361,364,3,,,0.0
afl-player-v1-ebea746acf61f60bb277,Hussien El Achkar,GEN_FWD,481,481,0,0.0,376,379,3,-34.2,,0.0
afl-player-v1-023276c69c07e6c60ab8,Noah Roberts-Thomson,GEN_FWD,487,487,0,0.0,372,375,3,-32.2,,0.0
afl-player-v1-f1dd0d74e23a537ae659,Zac McCarthy,KEY_FWD,385,385,0,0.0,434,437,3,,,0.0
afl-player-v1-5aa354b3399ef0643a4f,Matthew LeRay,MID,492,492,0,0.0,368,371,3,,,0.0
afl-player-v1-8a57f5aab690623a7315,Angus Anderson,MID,122,122,0,0.0,639,640,1,-23.6,,0.0
afl-player-v1-5687d8e6e904034d48c6,Will Darcy,KEY_DEF,549,549,0,0.0,347,352,5,,,0.0
afl-player-v1-02d79c04dde5aa58aa26,Fred Rodriguez,MID,494,494,0,0.0,366,370,4,,,0.0
afl-player-v1-e77509535621c2f18fc4,Riley Onley,MID,439,439,0,0.0,401,403,2,,,0.0
afl-player-v1-93cd917e2b3a67c6c674,Jack Watkins,MID,0,0,0,0.0,804,804,0,-40.5,,0.0
afl-player-v1-6bdb2a468ec0c05a2248,Leon Kickett,GEN_FWD,367,367,0,0.0,447,449,2,,,0.0
afl-player-v1-28bb25f3b0444604b010,Ollie Greeves,MID,435,435,0,0.0,403,405,2,,,0.0
afl-player-v1-c9130ccf04e0cd0474b0,Nick Driscoll,MID,552,552,0,0.0,345,350,5,,,0.0
afl-player-v1-3fa9040b66b98c844502,Kalani White,KEY_FWD,291,291,0,0.0,500,501,1,,,0.0
afl-player-v1-c13e1f14b2b069c3f78f,Riley Hamilton,GEN_FWD,334,334,0,0.0,470,472,2,,,0.0
afl-player-v1-fc6ac46f92c3b7b16ed5,Noah Chamberlain,GEN_FWD,157,157,0,0.0,616,616,0,,,0.0
afl-player-v1-31584a51caeba8f403f7,Liam Hetherton,KEY_FWD,221,221,0,0.0,573,573,0,,,0.0
afl-player-v1-1d5af6c01ebcddc2cd54,Jai Saxena,GEN_FWD,229,229,0,0.0,563,563,0,,,0.0
afl-player-v1-18c64bc1a192b51aba1a,Ryda Luke,GEN_FWD,229,229,0,0.0,565,565,0,,,0.0
afl-player-v1-91f9428225d3cfc1cd51,Toby Whan,GEN_FWD,229,229,0,0.0,566,566,0,,,0.0
afl-player-v1-5da25d5d202bbfbd2a53,Jesse Mellor,MID,305,305,0,0.0,491,493,2,,,0.0
afl-player-v1-4af5ff1d6c0a57d3f39a,Tom Blamires,GEN_DEF,82,82,0,0.0,691,691,0,-10.0,,0.0
afl-player-v1-441ecf4754260c89227e,Thomas Burton,GEN_FWD,334,334,0,0.0,471,473,2,-31.5,,0.0
afl-player-v1-0006090cd55e28d1a258,Paddy Cross,GEN_FWD,60,60,0,0.0,714,714,0,-19.0,,0.0
afl-player-v1-01667c9cd5c02dca5a97,Will Lewis,KEY_FWD,10,10,0,0.0,796,796,0,-20.0,,0.0
afl-player-v1-1717ec616a9d2f0c642e,Balyn O'Brien,GEN_DEF,277,277,0,0.0,515,515,0,,,0.0
afl-player-v1-ce97654bb88ebc40ffe5,Chris Scerri,GEN_FWD,331,331,0,0.0,472,474,2,-23.3,,0.0
afl-player-v1-f07600e2849bc4a2ed87,Mitch Zadow,GEN_FWD,145,145,0,0.0,625,625,0,-42.9,,0.0
afl-player-v1-690c8a0df50927412d20,Jaxon Artemis,GEN_DEF,380,380,0,0.0,437,440,3,,,0.0
afl-player-v1-a224d4377faae8f072fe,Kye Annand,KEY_DEF,188,188,0,0.0,590,590,0,-2.4,,0.0
afl-player-v1-558aaadecc21bf1b2489,Oliver Francou,MID,410,410,0,0.0,424,426,2,,,0.0
afl-player-v1-53c95637430db16d2617,Flynn Riley,RUC,412,412,0,0.0,419,422,3,,,0.0
afl-player-v1-f1b93c65c9f4fcaec365,Xavier Bamert,GEN_FWD,280,280,0,0.0,510,510,0,-30.9,,0.0
afl-player-v1-5612c4af21b5a0e54a5c,Oliver Griffin,GEN_FWD,229,229,0,0.0,564,564,0,,,0.0
afl-player-v1-4a2df595cb1ba12b7a45,Campbell Lake,GEN_FWD,148,148,0,0.0,623,623,0,-26.9,,0.0
afl-player-v1-8a8b5b4af8a8dfecdcaf,Harrison Coe,RUC,254,254,0,0.0,542,543,1,,,0.0
afl-player-v1-fc6149dc80445b72a5df,Caleb May,RUC,412,412,0,0.0,417,420,3,,,0.0
afl-player-v1-76288227686163efb60c,Lukas Cooke,KEY_DEF,188,188,0,0.0,591,591,0,-42.4,,0.0
afl-player-v1-bba889f13399d9b9ee78,Max Beattie,GEN_FWD,53,53,0,0.0,726,726,0,,,0.0
afl-player-v1-a91d721458a8af9477df,Marcus Herbert,GEN_DEF,35,35,0,0.0,753,753,0,-3.3,,0.0
afl-player-v1-2dfeb757c9c20d8e6638,Alex Van Wyk,RUC,412,412,0,0.0,416,418,2,,,0.0
afl-player-v1-6f5aa4b28abbf250bdc8,Liam Puncher,KEY_DEF,170,170,0,0.0,605,605,0,,,0.0
afl-player-v1-c090106f7ba6dd9b3e4f,Joel Fitzgerald,MID,110,110,0,0.0,653,655,2,-7.1,,0.0
afl-player-v1-d918d8964003f39a3025,Mitch Podhajski,KEY_FWD,31,31,0,0.0,761,761,0,-14.8,,0.0
afl-player-v1-b8023c8175b394310187,Max Mapley,RUC,412,412,0,0.0,420,423,3,,,0.0
afl-player-v1-b797a7fefb7394990338,Sam Lalor,MID,3311,3311,0,0.0,50,49,-1,-6.1615,,0.0
afl-player-v1-fe72527f019221062fb2,Finn O'Sullivan,MID,3376,3376,0,0.0,46,45,-1,-6.9552,,0.0
afl-player-v1-853be14ce453ff08eabb,Jagga Smith,MID,3408,3408,0,0.0,45,42,-3,-1.1,,0.0
afl-player-v1-384fa24082f2e4292c71,Sid Draper,MID,1165,1165,0,0.0,202,206,4,-56.8,,0.0
afl-player-v1-f3c64c36039d81bd8c9b,Levi Ashcroft,MID,3180,3180,0,0.0,52,53,1,-7.6373,,0.0
afl-player-v1-d6ed32b0c0d14bdc9e91,Harvey Langford,MID,2488,2488,0,0.0,70,72,2,-12.4462,,0.0
afl-player-v1-24f687ff17ab96929229,Josh Smillie,MID,1285,1285,0,0.0,186,186,0,,,0.0
afl-player-v1-fd58640c5c54f6f75fdf,Tobie Travaglia,GEN_DEF,601,601,0,0.0,322,325,3,-38.6,,0.0
afl-player-v1-a96ccbd720e3cb6dd786,Leo Lombard,GEN_FWD,1391,1391,0,0.0,175,178,3,-15.1143,,0.0
afl-player-v1-adec4d952bcbc52767f5,Alix Tauru,KEY_DEF,1496,1496,0,0.0,158,164,6,-24.1667,,0.0
afl-player-v1-279d78b79a766963d4c9,Xavier Lindsay,GEN_DEF,1280,1280,0,0.0,188,189,1,-17.1737,,0.0
afl-player-v1-e902ab3fc23a7170ff83,Taj Hotton,MID,1651,1651,0,0.0,141,143,2,-25.1,,0.0
afl-player-v1-7710e2249b25933935af,Isaac Kako,GEN_FWD,1438,1438,0,0.0,169,173,4,-15.8021,,0.0
afl-player-v1-185c557fce56e14bdfd8,Jonty Faull,KEY_FWD,1090,1090,0,0.0,209,211,2,-30.4,,0.0
afl-player-v1-9844fdd0a1778ebb896b,Joe Berry,GEN_FWD,1161,1161,0,0.0,203,207,4,-13.85,,0.0
afl-player-v1-2dd3ccd0e1b4dff6e11a,Bo Allan,GEN_DEF,990,990,0,0.0,223,224,1,-26.144,,0.0
afl-player-v1-4b9df048d6043b396620,Oliver Hannaford,GEN_FWD,432,432,0,0.0,404,406,2,-42.7,,0.0
afl-player-v1-46e176b1e1cb8cf2276c,Harrison Oliver,GEN_DEF,608,608,0,0.0,318,322,4,-36.8,,0.0
afl-player-v1-f7ee4c5cee3db83cf90b,Cooper Hynes,MID,1064,1064,0,0.0,215,216,1,-36.6429,,0.0
afl-player-v1-8e328cd4f9bc35e7e371,Luke Trainor,KEY_DEF,1413,1413,0,0.0,171,174,3,-13.5857,,0.0
afl-player-v1-16877fb6b00199654e9e,Jesse Dattoli,GEN_FWD,480,480,0,0.0,377,380,3,-34.9,,0.0
afl-player-v1-b25724f0e722db813620,Harry Armstrong,KEY_FWD,877,877,0,0.0,246,249,3,-42.58,,0.0
afl-player-v1-1567c17ff91df73eaaa2,Cody Angove,MID,630,630,0,0.0,310,313,3,-43.1,,0.0
afl-player-v1-ed0abced88b9c67d7279,Sam Marshall,MID,926,926,0,0.0,234,235,1,-31.4789,,0.0
afl-player-v1-658634afd21b318408dd,Ned Bowman,GEN_FWD,417,417,0,0.0,412,415,3,,,0.0
afl-player-v1-f51ef64a2881f2ca2690,Matt Whitlock,KEY_FWD,441,441,0,0.0,398,399,1,-45.3,,0.0
afl-player-v1-9fd2c97e984a4411497b,Thomas Sims,KEY_FWD,1083,1083,0,0.0,210,212,2,-27.7,,0.0
afl-player-v1-73f8a199b2442c4ea5e5,Lachie Jaques,GEN_DEF,860,860,0,0.0,252,256,4,-18.5,,0.0
afl-player-v1-c6a461bc214b4d48ca46,Jobe Shanahan,KEY_FWD,1588,1588,0,0.0,150,153,3,-10.0523,,0.0
afl-player-v1-44e38609bc728a39c7cb,Josh Dolan,GEN_FWD,322,322,0,0.0,480,481,1,-32.9519,,0.0
afl-player-v1-25baa6b755b2b922bf78,James Barrat,KEY_DEF,422,422,0,0.0,408,411,3,,,0.0
afl-player-v1-bb01c9f6889afb0144ab,Jack Whitlock,KEY_FWD,1268,1268,0,0.0,190,191,1,-16.8857,,0.0
afl-player-v1-6437310147a94494220e,Charlie Nicholls,KEY_FWD,376,376,0,0.0,441,443,2,,,0.0
afl-player-v1-9f436a208f537d5d8e7e,Noah Mraz,KEY_DEF,412,412,0,0.0,421,424,3,,,0.0
afl-player-v1-5ad03987496a6cf48e50,Jack Ough,MID,417,417,0,0.0,411,414,3,,,0.0
afl-player-v1-207f960a5e53d1f28d1a,Kayle Gerreyn,KEY_FWD,345,345,0,0.0,461,461,0,,,0.0
afl-player-v1-64ab25bfb0ad8838d8f5,Christian Moraes,MID,920,920,0,0.0,237,238,1,-28.9333,,0.0
afl-player-v1-c399795725e17c13dffb,Angus Clarke,GEN_DEF,758,758,0,0.0,275,275,0,-19.3,,0.0
afl-player-v1-ffb1fcaf3d8453c8fb87,Harry O'Farrell,KEY_DEF,861,861,0,0.0,251,254,3,-12.6,,0.0
afl-player-v1-937133d2dc41d511ffe3,Riley Bice,GEN_DEF,473,473,0,0.0,382,384,2,-0.9556,,0.0
afl-player-v1-d81b5ca8e2ca0494ccfa,Ty Gallop,KEY_FWD,1062,1062,0,0.0,217,218,1,-15.9667,,0.0
afl-player-v1-dbc852c795d95f09852a,Ben Camporeale,MID,354,354,0,0.0,456,456,0,,,0.0
afl-player-v1-6fa3c4b4bef1c733ff3e,Jay Polkinghorne,GEN_FWD,261,261,0,0.0,536,536,0,,,0.0
afl-player-v1-cc6cc6ea7d2d64ef0a59,Hugh Boxshall,MID,905,905,0,0.0,239,244,5,-28.0581,,0.0
afl-player-v1-49320c2b53b16d7c4195,Tom Gross,MID,584,584,0,0.0,327,331,4,-44.9667,,0.0
afl-player-v1-8cc48a4ee93f1e9d1dff,Joel Cochran,KEY_DEF,372,372,0,0.0,444,446,2,,,0.0
afl-player-v1-d6bfe6d5d7c7622aa16c,Lucca Grego,GEN_DEF,278,278,0,0.0,514,514,0,-19.3,,0.0
afl-player-v1-bf7db2461bd138a98def,Cooper Bell,KEY_DEF,366,366,0,0.0,448,450,2,,,0.0
afl-player-v1-d188bb0f21cc85bbd788,Charlie West,KEY_FWD,449,449,0,0.0,395,396,1,-38.0222,,0.0
afl-player-v1-8623aaa7eb9f7e2a20e4,Sam Davidson,GEN_FWD,117,117,0,0.0,650,652,2,-15.0509,,0.0
afl-player-v1-fa319aa1de63dbbe70a5,Jacob Molier,RUC,458,458,0,0.0,390,391,1,,,0.0
afl-player-v1-5324fc165b53ca98463b,Alex Dodson,RUC,450,450,0,0.0,394,395,1,-65.5,,0.0
afl-player-v1-beade612d1fba85a3b4a,Lucas Camporeale,MID,299,299,0,0.0,496,497,1,-39.1,,0.0
afl-player-v1-eb27d6dadeb1a9bc5774,Riak Andrew,KEY_DEF,335,335,0,0.0,469,471,2,,,0.0
afl-player-v1-b9e8379037385c8cee5b,Will Hayes,GEN_FWD,310,310,0,0.0,488,490,2,-34.0077,,0.0
afl-player-v1-05fc64bf74c2bf8c3d92,Luke Urquhart,MID,291,291,0,0.0,501,502,1,,,0.0
afl-player-v1-62e44a2acaafb4a83a2f,Jasper Alger,GEN_FWD,330,330,0,0.0,474,476,2,-22.02,,0.0
afl-player-v1-e835a8155b9ccf6abc14,Tyler Welsh,KEY_FWD,244,244,0,0.0,553,554,1,,,0.0
afl-player-v1-f282c24b119aa18a481a,Patrick Said,GEN_FWD,201,201,0,0.0,582,582,0,,,0.0
afl-player-v1-c1c939d32cb20e307db2,Rhys Unwin,GEN_FWD,200,200,0,0.0,583,583,0,-48.9,,0.0
afl-player-v1-9f218ad5a6a2be1b4a35,Luke Kennedy,MID,393,393,0,0.0,431,433,2,-37.1,,0.0
afl-player-v1-aee6de2973fd5ca4467f,Jaren Carr,GEN_FWD,244,244,0,0.0,552,553,1,,,0.0
afl-player-v1-2f6242ef54860fa75fb3,Cody Anderson,GEN_FWD,196,196,0,0.0,585,585,0,,,0.0
afl-player-v1-5b8118da3443defd550c,Hamish Davis,MID,923,923,0,0.0,235,236,1,-24.0133,,0.0
afl-player-v1-90ebece285dc4910fe5d,Lennox Hoffman,GEN_DEF,274,274,0,0.0,521,521,0,,,0.0
afl-player-v1-e771eb4c731c953b5b51,River Stevens,GEN_FWD,192,192,0,0.0,587,587,0,,,0.0
afl-player-v1-0a02f9846d125256999b,Aidan Johnson,KEY_FWD,84,84,0,0.0,684,684,0,-29.2,,0.0
afl-player-v1-21df79235229950b18dc,Keighton Matofai-Forbes,GEN_DEF,272,272,0,0.0,526,526,0,,,0.0
afl-player-v1-d279ab89fc8d4fe8bde1,Zak Johnson,GEN_DEF,575,575,0,0.0,335,341,6,-25.2172,,0.0
afl-player-v1-de2d5ebfc791372d1128,Logan Smith,RUC,426,426,0,0.0,406,409,3,,,0.0
afl-player-v1-bccb2c78d58984d7d91d,Archer Day-Wicks,GEN_FWD,343,343,0,0.0,463,463,0,-24.2472,,0.0
afl-player-v1-97846257ceb7f668dd47,Aiden Riddle,RUC,318,318,0,0.0,483,484,1,,,0.0
afl-player-v1-a67aba23e14cd5a96bd3,Harry Charleson,GEN_DEF,269,269,0,0.0,532,532,0,,,0.0
afl-player-v1-278353acbb4f3993808e,Tom Cochrane,GEN_FWD,252,252,0,0.0,545,546,1,-35.4455,,0.0
afl-player-v1-18e32886c9bf159f469a,Asher Eastham,GEN_FWD,204,204,0,0.0,580,580,0,,,0.0
afl-player-v1-c809cc39851ac68c9a8e,Patrick Retschko,MID,829,829,0,0.0,255,259,4,-14.0,,0.0
afl-player-v1-5c6c87d323c28680111e,Joe Pike,RUC,318,318,0,0.0,486,487,1,,,0.0
afl-player-v1-ea8470a13f4aadb5fc4d,Eamonn Armstrong,GEN_DEF,165,165,0,0.0,609,609,0,,,0.0
afl-player-v1-a8a7e455c41a52501435,Cillian Burke,GEN_DEF,118,118,0,0.0,646,647,1,,,0.0
afl-player-v1-9186b21cf6ec11f9140a,Matt Duffy,GEN_DEF,187,187,0,0.0,592,592,0,,,0.0
afl-player-v1-7eaa6baad537022a4c42,Zak Evans,MID,8,8,0,0.0,798,798,0,,,0.0
afl-player-v1-5990557d50150e6d1dc8,Matt Hill,GEN_FWD,133,133,0,0.0,634,634,0,,,0.0
afl-player-v1-d78ebe273b15b799f55d,Jacob Moss,KEY_FWD,278,278,0,0.0,513,513,0,,,0.0
afl-player-v1-c471c26d8c18e0ea92a0,Jaime Uhr-Henry,RUC,318,318,0,0.0,485,486,1,,,0.0
afl-player-v1-ce576813a5ba90f27db6,Josaia Delana,GEN_FWD,203,203,0,0.0,581,581,0,-35.7421,,0.0
afl-player-v1-720fb343b3fe75fb92c5,Lachlan Gulbin,GEN_FWD,308,308,0,0.0,489,491,2,-25.7788,,0.0
afl-player-v1-1c1037a91ecab97d410e,Jayden Nguyen,GEN_DEF,416,416,0,0.0,413,416,3,-36.38,,0.0
afl-player-v1-1e48a475f30de9837e3d,Ricky Mentha,GEN_FWD,137,137,0,0.0,631,631,0,,,0.0
afl-player-v1-26c7d23e3f5fff92763f,Benny Barrett,GEN_FWD,137,137,0,0.0,630,630,0,,,0.0
afl-player-v1-c60baecc88fb4fe722b5,Malakai Champion,GEN_FWD,325,325,0,0.0,476,478,2,-33.6412,,0.0
afl-player-v1-6cf314248b4dd9b0f32c,Isaiah Dudley,GEN_FWD,84,84,0,0.0,686,686,0,-18.1294,,0.0
afl-player-v1-c04d11ebfbfcc241e844,Tom Edwards,KEY_FWD,57,57,0,0.0,717,717,0,-21.0,,0.0
afl-player-v1-53546ca55b1b441d4c86,Jack Henderson,GEN_FWD,4,4,0,0.0,799,799,0,-27.9,,0.0
afl-player-v1-1bc1a35b5acb7c659494,Ben Jepson,MID,16,16,0,0.0,782,782,0,-40.5444,,0.0
afl-player-v1-48fb2da2b909a8256894,Josh Lai,GEN_DEF,358,358,0,0.0,454,455,1,-23.2,,0.0
afl-player-v1-60766faf78e6bdf2be35,Zac Banch,GEN_FWD,66,66,0,0.0,711,711,0,-37.2333,,0.0
afl-player-v1-72ecc1bfe9f72efec4eb,Harrison Ramm,KEY_DEF,322,322,0,0.0,479,480,1,-46.0,,0.0
afl-player-v1-1825e6bd6dbe8848dd4e,Flynn Young,GEN_FWD,12,12,0,0.0,789,789,0,-28.98,,0.0
afl-player-v1-219cd64a18526bc82a23,Michael Sellwood,GEN_DEF,87,87,0,0.0,680,680,0,-19.7,,0.0
afl-player-v1-1aa8748ab5223765d500,Archie May,KEY_FWD,482,482,0,0.0,375,378,3,-17.8383,,0.0
afl-player-v1-451494af145a38fdb298,Roan Steele,MID,23,23,0,0.0,776,776,0,-24.2474,,0.0
afl-player-v1-c89d9151a00e1b1e1b25,Jacob Newton,GEN_FWD,149,149,0,0.0,621,621,0,-43.5143,,0.0
afl-player-v1-4c67f2beca06a7bc6443,Cooper Trembath,KEY_FWD,1536,1536,0,0.0,156,161,5,-7.0127,,0.0
afl-player-v1-5693b0cd06fb01478444,Ewan Mackinlay,GEN_FWD,59,59,0,0.0,715,715,0,-16.1151,,0.0
afl-player-v1-8ed1d0f2e2b3a1d83438,Zac Walker,GEN_DEF,165,165,0,0.0,611,611,0,,,0.0
afl-player-v1-cc78415bed17cab3d6d7,Lachlan Blakiston,KEY_DEF,16,16,0,0.0,783,783,0,-15.0015,,0.0
afl-player-v1-e282f2d56c5a18a5f8a7,Caleb Lewis,KEY_FWD,219,219,0,0.0,574,574,0,,,0.0
afl-player-v1-eabf1f78acbf56714425,Noah Howes,KEY_FWD,285,285,0,0.0,507,508,1,,,0.0
afl-player-v1-7ef419f8d3794f401551,Mani Liddy,MID,55,55,0,0.0,722,722,0,-29.0,,0.0
afl-player-v1-b45c2bd338bff627435e,Jed Walter,KEY_FWD,1321,1321,0,0.0,182,182,0,-17.8544,,0.0
afl-player-v1-a2dce67dd6716ef00ac7,Zane Duursma,GEN_FWD,736,736,0,0.0,283,284,1,-32.2529,,0.0
afl-player-v1-71421bf17a2b7d51e376,Caleb Windsor,MID,1613,1613,0,0.0,147,149,2,-21.0161,,0.0
afl-player-v1-ed3e4aafc7efc030fed6,Daniel Curtin,MID,2168,2168,0,0.0,89,89,0,-10.2887,,0.0
afl-player-v1-a41bad0097cfdf996c85,Ethan Read,KEY_FWD,1365,1365,0,0.0,179,180,1,-18.4603,,0.0
afl-player-v1-4d27655cd6fbc59ff72e,Nate Caddy,KEY_FWD,1783,1783,0,0.0,129,131,2,-10.2259,,0.0
afl-player-v1-9d054a45418ba5797f44,Phoenix Gothard,GEN_FWD,420,420,0,0.0,410,413,3,-0.7,,0.0
afl-player-v1-b2c51a63fc373bb833ac,Koltyn Tholstrup,GEN_DEF,1473,1473,0,0.0,162,166,4,-12.8941,,0.0
afl-player-v1-25fb163a4abff862be76,Jake Rogers,GEN_FWD,614,614,0,0.0,315,318,3,-25.5064,,0.0
afl-player-v1-b2ca097d0f41f5514c69,Jordan Croft,KEY_FWD,1081,1081,0,0.0,211,213,2,-22.4789,,0.0
afl-player-v1-844e63ee5e564d6a075a,Will Green,RUC,657,657,0,0.0,300,305,5,,,0.0
afl-player-v1-51c8b895f8ffb72116a6,James Leake,GEN_DEF,343,343,0,0.0,464,464,0,-26.6043,,0.0
afl-player-v1-67e6cade08e751a52e59,William McCabe,KEY_FWD,575,575,0,0.0,334,340,6,-36.8,,0.0
afl-player-v1-cfdb2d66b7d42fbb410c,Taylor Goad,RUC,917,917,0,0.0,238,241,3,-35.5,,0.0
afl-player-v1-e3101fd43facb6870d9a,Charlie Edwards,MID,733,733,0,0.0,285,286,1,-32.6,,0.0
afl-player-v1-788b838249581ccea794,Wil Dawson,KEY_DEF,498,498,0,0.0,364,368,4,-35.6046,,0.0
afl-player-v1-f292ff8cfcb27ae2b30a,Riley Hardeman,GEN_DEF,353,353,0,0.0,459,459,0,-32.9087,,0.0
afl-player-v1-c6c3067150262c510541,Caiden Cleary,GEN_FWD,486,486,0,0.0,373,376,3,-17.0053,,0.0
afl-player-v1-532c3fce5e3300d3a2f1,Harry DeMattia,MID,477,477,0,0.0,379,382,3,,,0.0
afl-player-v1-41f3419530669bee00b4,Will Graham,GEN_FWD,1067,1067,0,0.0,213,214,1,-10.5151,,0.0
afl-player-v1-5c3ac2d1c84ea9110fe4,Oscar Ryan,GEN_DEF,288,288,0,0.0,504,505,1,,,0.0
afl-player-v1-6634f3a777ee80f1652f,Lance Collard,GEN_FWD,273,273,0,0.0,522,522,0,-41.4471,,0.0
afl-player-v1-65ff4f73303faae38263,Ashton Moir,GEN_FWD,278,278,0,0.0,511,511,0,-25.7086,,0.0
afl-player-v1-5543420881712362758e,Archer Reid,KEY_FWD,871,871,0,0.0,248,251,3,-26.6263,,0.0
afl-player-v1-14f592be6d47ac00f7ed,Mitchell Edwards,RUC,1855,1855,0,0.0,122,123,1,-27.7,,0.0
afl-player-v1-451ddd8089a5671d27bd,Angus Hastie,GEN_DEF,302,302,0,0.0,492,494,2,-36.8425,,0.0
afl-player-v1-ba2b5f134d7209c2cd1f,Billy Wilson,GEN_DEF,272,272,0,0.0,523,523,0,-14.6667,,0.0
afl-player-v1-ed04080f429f90809986,Cooper Simpson,GEN_DEF,249,249,0,0.0,547,548,1,-37.6143,,0.0
afl-player-v1-f1d2fecc3caa09a5302a,Tew Jiath,GEN_DEF,241,241,0,0.0,555,555,0,-54.3,,0.0
afl-player-v1-2208c3991369c533d843,Clay Hall,MID,611,611,0,0.0,317,320,3,-15.0727,,0.0
afl-player-v1-e1a1f6f52497c7936b03,Kane McAuliffe,MID,1357,1357,0,0.0,180,181,1,-4.1088,,0.0
afl-player-v1-b6c5a9b9541eb90c22ac,Ollie Murphy,KEY_DEF,288,288,0,0.0,503,504,1,,,0.0
afl-player-v1-191d7ba9aeb6eac18da2,Luke Lloyd,KEY_FWD,215,215,0,0.0,576,576,0,,,0.0
afl-player-v1-725861673894096d4885,Liam Fawcett,KEY_FWD,548,548,0,0.0,349,353,4,-30.56,,0.0
afl-player-v1-59002dc8321ccdf21bfa,Joseph Fonti,GEN_DEF,781,781,0,0.0,268,271,3,-8.5815,,0.0
afl-player-v1-e74d91c43dc37b3dcab3,Joel Freijah,MID,2414,2414,0,0.0,77,77,0,-1.7076,,0.0
afl-player-v1-2c0d507e861806b4e2b5,Bodie Ryan,GEN_DEF,365,365,0,0.0,451,452,1,-38.8,,0.0
afl-player-v1-4cc77402f9bb05a25f98,Lachlan Smith,RUC,697,697,0,0.0,293,293,0,-25.5,,0.0
afl-player-v1-3fc4eb156cc43a803d65,Tom Anastasopoulos,GEN_FWD,323,323,0,0.0,478,479,1,-30.4,,0.0
afl-player-v1-66178e03f3831016945b,Harvey Johnston,GEN_DEF,282,282,0,0.0,509,509,0,-38.8471,,0.0
afl-player-v1-e30dbe4081998f54d1c8,Zane Zakostelsky,KEY_DEF,620,620,0,0.0,313,316,3,-19.4,,0.0
afl-player-v1-ea08f8634f12c893cac8,Patrick Snell,KEY_DEF,253,253,0,0.0,544,545,1,,,0.0
afl-player-v1-d03a41a0d6c2f19380f3,Calsher Dear,KEY_FWD,973,973,0,0.0,224,226,2,-13.3436,,0.0
afl-player-v1-864a3f3dc5570a8b459a,Will Lorenz,MID,408,408,0,0.0,425,427,2,-25.9286,,0.0
afl-player-v1-372fce270dfdd53f2676,George Stevens,MID,353,353,0,0.0,458,458,0,-28.7667,,0.0
afl-player-v1-e3caf3a891bad7b64be2,Oliver Wiltshire,GEN_FWD,101,101,0,0.0,667,667,0,-29.6615,,0.0
afl-player-v1-04a9ccd2af626ff315a2,Reece Torrent,MID,214,214,0,0.0,577,577,0,,,0.0
afl-player-v1-866c8b33dd97c0e25d31,Finnbar Maley,KEY_FWD,259,259,0,0.0,538,538,0,-23.6889,,0.0
afl-player-v1-363a1efca11403c36771,Sam Clohesy,MID,296,296,0,0.0,498,499,1,-15.5412,,0.0
afl-player-v1-a09b83c45ebe68a91de0,Vigo Visentini,RUC,271,271,0,0.0,530,530,0,-22.5,,0.0
afl-player-v1-05a96e95396f8da03c89,Xavier Walsh,KEY_DEF,230,230,0,0.0,561,561,0,,,0.0
afl-player-v1-3b90ae2e238770e20777,Matt Carroll,MID,951,951,0,0.0,228,231,3,-16.2754,,0.0
afl-player-v1-3a8550ac8af5ca190c13,Rob Monahan,GEN_DEF,176,176,0,0.0,600,600,0,,,0.0
afl-player-v1-8699d0ef02651920ee05,Liam O'Connell,GEN_DEF,86,86,0,0.0,683,683,0,-33.3407,,0.0
afl-player-v1-9d46c38c720869af0fa4,Oliver Hayes-Brown,RUC,330,330,0,0.0,475,477,2,-28.9,,0.0
afl-player-v1-eea2bfc12fe6f4414f7c,Bruce Reville,MID,67,67,0,0.0,709,709,0,-19.5403,,0.0
afl-player-v1-ec3f691537531ffedcf2,Nathan Wardius,GEN_FWD,143,143,0,0.0,627,627,0,,,0.0
afl-player-v1-b98529f9eca3cbf471fd,Lachlan Bramble,GEN_FWD,101,101,0,0.0,666,666,0,-6.9525,,0.0
afl-player-v1-7ba5a1ae80798c88d4a4,Mykelti Lefau,KEY_FWD,70,70,0,0.0,707,707,0,-11.7147,,0.0
afl-player-v1-0b95f7bd2062dce45d7e,Lachie Sullivan,GEN_FWD,1,1,0,0.0,802,802,0,-25.3439,,0.0
afl-player-v1-b533bd1598258d5a0a6a,Jack Hutchinson,MID,72,72,0,0.0,705,705,0,-26.4388,,0.0
afl-player-v1-c73511bdd0f0c794b14b,Will McLachlan,GEN_FWD,170,170,0,0.0,606,606,0,-45.72,,0.0
afl-player-v1-5bb790d99ccfd80d2422,Toby Murray,KEY_FWD,272,272,0,0.0,527,527,0,-19.0,,0.0
afl-player-v1-33880cd39dfb13366e39,Cooper Lord,MID,393,393,0,0.0,430,432,2,-13.9045,,0.0
afl-player-v1-6a28b9ce9e6518235362,Iliro Smit,RUC,271,271,0,0.0,528,528,0,,,0.0
afl-player-v1-e6a21ffc57987919564e,Luker Kentfield,KEY_FWD,380,380,0,0.0,438,441,3,-30.8,,0.0
afl-player-v1-176755335d1a57e4c462,Logan Evans,GEN_DEF,1264,1264,0,0.0,191,192,1,-6.6793,,0.0
afl-player-v1-6de2114eafbe620e3fd5,Saad El-Hawli,GEN_DEF,22,22,0,0.0,777,777,0,-26.5757,,0.0
afl-player-v1-dcc2ca577262469eb75b,Tom Hanily,GEN_FWD,165,165,0,0.0,610,610,0,-32.45,,0.0
afl-player-v1-af1e6384eb8bd0db99b6,Campbell Gray,KEY_DEF,272,272,0,0.0,524,524,0,-20.0692,,0.0
afl-player-v1-8a0b76cec5160934fed4,Luke Beecken,MID,35,35,0,0.0,752,752,0,-73.1,,0.0
afl-player-v1-00738d7373930be4d45d,Elijah Tsatas,MID,1402,1402,0,0.0,174,175,1,-5.2387,,0.0
afl-player-v1-9f45e63fb7a10ebbb1d4,Bailey Humphrey,GEN_FWD,1686,1686,0,0.0,136,137,1,-2.8148,,0.0
afl-player-v1-58209e6544f9705de29e,Cameron Mackenzie,MID,1867,1867,0,0.0,120,119,-1,-7.3626,,0.0
afl-player-v1-066fee6e9d9da612b305,Jhye Clark,MID,535,535,0,0.0,354,356,2,-37.9271,,0.0
afl-player-v1-3e40163dcc0b002a3106,Mattaes Phillipou,MID,995,995,0,0.0,222,223,1,-18.9698,,0.0
afl-player-v1-145cb006483d7dd50196,Oliver Hollands,GEN_DEF,1555,1555,0,0.0,154,159,5,-4.9136,,0.0
afl-player-v1-868ea8f767a946d70917,Jaspa Fletcher,GEN_DEF,2093,2093,0,0.0,98,96,-2,-5.6225,,0.0
afl-player-v1-d26a58755c862c904694,Jedd Busslinger,KEY_DEF,742,742,0,0.0,278,278,0,-3.1522,,0.0
afl-player-v1-67f3229c73d8afdd447b,Elijah Hewett,MID,796,796,0,0.0,264,268,4,-26.0352,,0.0
afl-player-v1-d3c8074362c09f68d3b3,Matthew Jefferson,KEY_FWD,576,576,0,0.0,333,339,6,-24.24,,0.0
afl-player-v1-12cd1c01b93b2d5a4f47,Harry Rowston,MID,614,614,0,0.0,314,317,3,-25.2825,,0.0
afl-player-v1-0a868f1cf4977fe59a3d,Max Michalanney,GEN_DEF,569,569,0,0.0,338,344,6,-17.3885,,0.0
afl-player-v1-d4e9bfd1ee9ae1c72370,Joshua Weddle,GEN_DEF,1579,1579,0,0.0,152,156,4,-4.5714,,0.0
afl-player-v1-5d5b047e5ea5f9951808,Edward Allan,MID,562,562,0,0.0,339,345,6,-27.5088,,0.0
afl-player-v1-1eea9cd2a11b4840434b,Jacob Konstanty,GEN_FWD,237,237,0,0.0,559,559,0,-28.0314,,0.0
afl-player-v1-5d34ee663f616a7fcf27,Darcy Jones,GEN_FWD,1628,1628,0,0.0,145,147,2,-0.0302,,0.0
afl-player-v1-e2da1b01bb1f552e8dcf,Max Gruzewski,KEY_FWD,366,366,0,0.0,449,451,2,-18.7775,,0.0
afl-player-v1-1ac4e04886fd5dc6a04d,Harry Barnett,RUC,639,639,0,0.0,308,310,2,-59.3,,0.0
afl-player-v1-9b35e246d25b14d3c682,Lewis Hayes,KEY_DEF,359,359,0,0.0,453,454,1,-4.4,,0.0
afl-player-v1-36e1c724da662172668d,Brayden George,GEN_FWD,318,318,0,0.0,484,485,1,,,0.0
afl-player-v1-fbd777b8ce2afc23740b,Jakob Ryan,GEN_DEF,277,277,0,0.0,518,518,0,-66.3,,0.0
afl-player-v1-33ada8ecaa565e9336c2,Lachlan Cowan,GEN_DEF,589,589,0,0.0,325,329,4,-14.7696,,0.0
afl-player-v1-31e578d176cea17362ff,Hugh Davies,KEY_DEF,305,305,0,0.0,490,492,2,-41.4,,0.0
afl-player-v1-69c7ff7f3226b9bbf10b,Toby McMullin,GEN_FWD,181,181,0,0.0,598,598,0,-32.6714,,0.0
afl-player-v1-99cd1b9af96b0e365ae8,Henry Hustwaite,MID,338,338,0,0.0,468,469,1,-30.3411,,0.0
afl-player-v1-c35c6e7ab177db461973,Jed Adams,KEY_DEF,272,272,0,0.0,525,525,0,-32.4,,0.0
afl-player-v1-eff4af4d6dc326bd2039,Harvey Gallagher,GEN_DEF,133,133,0,0.0,633,633,0,-39.1182,,0.0
afl-player-v1-3becb857d4b323989b82,Max Knobel,RUC,488,488,0,0.0,371,374,3,,,0.0
afl-player-v1-d72d04026b85e58dfc06,Billy Dowling,GEN_FWD,126,126,0,0.0,637,638,1,-7.7308,,0.0
afl-player-v1-95af5298742f272f5f62,Isaac Keeler,KEY_FWD,425,425,0,0.0,407,410,3,-26.8368,,0.0
afl-player-v1-795949415910bcec10bd,Kaleb Smith,GEN_DEF,121,121,0,0.0,643,644,1,-39.9667,,0.0
afl-player-v1-6d1deb54da85de9023d2,Hugh Bond,GEN_DEF,222,222,0,0.0,570,570,0,-26.1216,,0.0
afl-player-v1-c65a1c9c023c7d79a8c1,Bailey Macdonald,GEN_DEF,121,121,0,0.0,641,642,1,-34.5614,,0.0
afl-player-v1-3793f7fb33c2d9e92cc8,Steely Green,GEN_FWD,291,291,0,0.0,502,503,1,-17.8303,,0.0
afl-player-v1-29bb554c3e47c1c2568b,Cooper Harvey,GEN_FWD,103,103,0,0.0,665,665,0,-15.4933,,0.0
afl-player-v1-8bf1408a62bb7de9cf9f,Noah Long,GEN_FWD,300,300,0,0.0,494,496,2,-32.5184,,0.0
afl-player-v1-dba401cbb0209af741a0,Seth Campbell,GEN_FWD,957,957,0,0.0,226,229,3,-2.2344,,0.0
afl-player-v1-070a151b7d62bca35dfa,Liam Reidy,RUC,255,255,0,0.0,541,542,1,-25.8407,,0.0
afl-player-v1-7d7158ee81a3adbb37f2,Tylar Young,KEY_DEF,234,234,0,0.0,560,560,0,-3.5408,,0.0
afl-player-v1-cedb99d3423baacfe787,James O'Donnell,KEY_DEF,592,592,0,0.0,323,327,4,-9.8864,,0.0
afl-player-v1-328187a2e40f373c2a1e,Shadeau Brain,GEN_DEF,81,81,0,0.0,696,696,0,-25.578,,0.0
afl-player-v1-c422d50e8bcb629acb87,Will Edwards,KEY_DEF,241,241,0,0.0,556,556,0,-16.7,,0.0
afl-player-v1-f24afe9ae1de1cfd811f,Josh Draper,KEY_DEF,621,621,0,0.0,312,315,3,-20.2438,,0.0
afl-player-v1-c239986e76a611a9b0a9,Tyrell Dewar,GEN_DEF,209,209,0,0.0,578,578,0,-34.8958,,0.0
afl-player-v1-0c5db9d8bac56d9b7fa4,Anthony Caminiti,KEY_FWD,1066,1066,0,0.0,214,215,1,-14.8939,,0.0
afl-player-v1-3e25b9575d8de3b0cac2,Hudson O'Keeffe,KEY_FWD,378,378,0,0.0,439,442,3,-31.4824,,0.0
afl-player-v1-650b0c72bb3082a86c14,Oscar Steene,RUC,262,262,0,0.0,535,535,0,-26.9,,0.0
afl-player-v1-438c94669f1f15473874,Ryan Maric,MID,1282,1282,0,0.0,187,188,1,-9.0755,,0.0
afl-player-v1-10a5ccc7fb51a2b2e034,Robert Hansen,GEN_FWD,162,162,0,0.0,613,613,0,-36.8761,,0.0
afl-player-v1-256b11412ad9adfde693,James Trezise,GEN_DEF,181,181,0,0.0,597,597,0,-17.1351,,0.0
afl-player-v1-9009569a6aa68960feab,Jack Buller,KEY_FWD,77,77,0,0.0,699,699,0,-24.5932,,0.0
afl-player-v1-a8c15dd580fe0f3312b6,Josh Ward,MID,2004,2004,0,0.0,108,108,0,-2.1604,,0.0
afl-player-v1-aab7f573ab4711511c48,Jye Amiss,KEY_FWD,1452,1452,0,0.0,166,172,6,-4.0621,,0.0
afl-player-v1-cc43e28819683f5743fa,Josh Gibcus,KEY_DEF,245,245,0,0.0,551,552,1,-15.4957,,0.0
afl-player-v1-9ae326b5449328a2e0de,Neil Erasmus,MID,737,737,0,0.0,281,282,1,-15.4347,,0.0
afl-player-v1-2c24e6846a509ffa12da,Josh Sinn,GEN_DEF,260,260,0,0.0,537,537,0,-28.8512,,0.0
afl-player-v1-5303c488741249f3d485,Campbell Chesser,MID,412,412,0,0.0,418,421,3,-22.2643,,0.0
afl-player-v1-ae0a6dee92e088eeb71e,Leek Aleer,KEY_DEF,287,287,0,0.0,506,507,1,-13.8398,,0.0
afl-player-v1-ee139bbbe6a42b1463b1,Tom Brown,GEN_DEF,464,464,0,0.0,386,388,2,-12.5277,,0.0
afl-player-v1-d4b6cf07e125634be42d,Angus Sheldrick,MID,766,766,0,0.0,273,273,0,-13.2778,,0.0
afl-player-v1-71d7f1dcea6726aa730c,Jacob Van Rooyen,KEY_FWD,1058,1058,0,0.0,218,220,2,-6.9424,,0.0
afl-player-v1-6b568799ebc4bf88eb36,Kai Lohmann,GEN_FWD,462,462,0,0.0,387,389,2,-10.8182,,0.0
afl-player-v1-dbcfd02a2c1fe7172bcd,Matt Johnson,MID,742,742,0,0.0,279,279,0,-12.8235,,0.0
afl-player-v1-59d17c24985ebc3eea8b,Josh Goater,GEN_DEF,104,104,0,0.0,664,664,0,-25.8439,,0.0
afl-player-v1-171fdad958760b98dbb8,Sam Butler,GEN_FWD,105,105,0,0.0,663,663,0,-19.3458,,0.0
afl-player-v1-ebb0d070891ccae50bb0,Toby Conway,RUC,573,573,0,0.0,336,342,6,-0.5,,0.0
afl-player-v1-12bb68135bc18d700f1f,Mitchell Knevitt,MID,192,192,0,0.0,586,586,0,-33.5491,,0.0
afl-player-v1-838375338eeaff603372,Jesse Motlop,GEN_FWD,144,144,0,0.0,626,626,0,-20.7493,,0.0
afl-player-v1-19af711156146e5fdfa9,Tyler Sonsie,MID,746,746,0,0.0,277,277,0,-15.5669,,0.0
afl-player-v1-7448a1c18180c1de59e0,Sam Banks,GEN_DEF,1302,1302,0,0.0,183,183,0,-5.2897,,0.0
afl-player-v1-97d5d23540957cbe93f3,Judson Clarke,GEN_FWD,89,89,0,0.0,678,678,0,-35.4958,,0.0
afl-player-v1-819de384d7f62bc800da,Brady Hough,GEN_DEF,353,353,0,0.0,457,457,0,-18.5958,,0.0
afl-player-v1-2f116f7f4f97a6bf192a,Matthew Roberts,GEN_DEF,1898,1898,0,0.0,117,118,1,-1.6262,,0.0
afl-player-v1-0a662f343237df662272,Jake Soligo,MID,2011,2011,0,0.0,107,107,0,-1.9009,,0.0
afl-player-v1-6a7269c5c5368cf36265,Rhett Bazzo,KEY_DEF,464,464,0,0.0,385,387,2,-6.9328,,0.0
afl-player-v1-52bf1280cafc930a8d62,Blake Howes,GEN_DEF,320,320,0,0.0,482,483,1,-15.5167,,0.0
afl-player-v1-eac847169c7ae1525269,Corey Warner,GEN_FWD,79,79,0,0.0,697,697,0,-29.4663,,0.0
afl-player-v1-ab5dd715f4f33e75a9f8,James Tunstill,MID,108,108,0,0.0,657,658,1,-34.829,,0.0
afl-player-v1-6ed18956cf1378582d16,Arthur Jones,GEN_FWD,98,98,0,0.0,668,668,0,-19.9896,,0.0
afl-player-v1-b61bed0bbace15b1aa56,Zac Taylor,GEN_FWD,342,342,0,0.0,465,465,0,-13.1004,,0.0
afl-player-v1-f64a092d53ea034a531f,Marcus Windhager,MID,1760,1760,0,0.0,131,132,1,-2.5268,,0.0
afl-player-v1-27b92ed0b5135eaec321,Oscar Adams,GEN_DEF,75,75,0,0.0,703,703,0,-33.8667,,0.0
afl-player-v1-409c1d00c3a09f0d9eeb,Harvey Harrison,GEN_FWD,60,60,0,0.0,713,713,0,-25.9356,,0.0
afl-player-v1-4dc82d0e8a055ba08cbe,Jai Serong,GEN_DEF,115,115,0,0.0,651,653,2,-2.466,,0.0
afl-player-v1-8406445026a762edd922,Dante Visentini,RUC,710,710,0,0.0,291,291,0,-27.048,,0.0
afl-player-v1-93af76d76893cb9f86c7,Jack Williams,KEY_FWD,561,561,0,0.0,341,346,5,-15.756,,0.0
afl-player-v1-172a23aaaf49ddf78e1e,Jackson Archer,GEN_DEF,75,75,0,0.0,702,702,0,-37.6659,,0.0
afl-player-v1-a03a3c7f3924fa68f09e,Luke Cleary,GEN_DEF,87,87,0,0.0,679,679,0,-30.2448,,0.0
afl-player-v1-20a8e6ffe097f0b92cfc,Luke Nankervis,GEN_DEF,271,271,0,0.0,529,529,0,-22.5851,,0.0
afl-player-v1-f19f835c12df6ed8917b,Ned Long,MID,926,926,0,0.0,233,234,1,-9.7571,,0.0
afl-player-v1-5935f9e7d1d2e5bc6004,Karl Worner,GEN_DEF,591,591,0,0.0,324,328,4,-7.1393,,0.0
afl-player-v1-7424aadbc9d795413bb8,Ollie Dempsey,MID,1864,1864,0,0.0,121,120,-1,-0.6183,,0.0
afl-player-v1-1ae7e43e112521438bbe,Judd McVee,GEN_DEF,270,270,0,0.0,531,531,0,-19.3742,,0.0
afl-player-v1-26ff1ee55b317fca0c0f,Oisin Mullin,GEN_DEF,11,11,0,0.0,793,793,0,-23.2655,,0.0
afl-player-v1-0b6733fa38a15da624bc,Sandy Brock,KEY_DEF,331,331,0,0.0,473,475,2,-15.5,,0.0
afl-player-v1-43dcbfbd3dd8420f2e63,Andy Moniz-Wakefield,GEN_DEF,55,55,0,0.0,719,719,0,-44.9789,,0.0
afl-player-v1-1c1aad5bfa253f84eb55,Jai Culley,MID,78,78,0,0.0,698,698,0,-17.057,,0.0
afl-player-v1-ae71cd9397d333f81257,Massimo D'Ambrosio,MID,1670,1670,0,0.0,138,140,2,-2.4607,,0.0
afl-player-v1-72c73d5280805d2ddd58,Wade Derksen,KEY_DEF,118,118,0,0.0,647,648,1,-15.4,,0.0
afl-player-v1-a90d32b3027114a2544b,Max Ramsden,KEY_FWD,223,223,0,0.0,569,569,0,-19.7718,,0.0
afl-player-v1-ae0417d08a6405bbceeb,Hugo Hall-Kahan,GEN_DEF,107,107,0,0.0,658,659,1,-8.3,,0.0
afl-player-v1-5b1f208d8c295adb9db7,James Blanck,KEY_DEF,33,33,0,0.0,756,756,0,-31.7565,,0.0
afl-player-v1-f34b7fe71316041c9e20,Jamarra Ugle-Hagan,KEY_FWD,420,420,0,0.0,409,412,3,-27.1271,,0.0
afl-player-v1-38abe5a7440120376727,Logan McDonald,KEY_FWD,956,956,0,0.0,227,230,3,-1.0678,,0.0
afl-player-v1-f0d7b341f83d6023fd8b,Braeden Campbell,GEN_DEF,275,275,0,0.0,520,520,0,-20.6461,,0.0
afl-player-v1-dc6b2cd7d48c8b4255bd,Elijah Hollands,GEN_FWD,872,872,0,0.0,247,250,3,-4.6824,,0.0
afl-player-v1-a6ca86baae9b97711590,Nikolas Cox,KEY_FWD,296,296,0,0.0,497,498,1,-14.6094,,0.0
afl-player-v1-8891d0951120f190af2c,Archie Perkins,GEN_FWD,287,287,0,0.0,505,506,1,-12.8971,,0.0
afl-player-v1-232fe142fd503fe9ba47,Zach Reid,KEY_DEF,1734,1734,0,0.0,134,133,-1,-1.4741,,0.0
afl-player-v1-ae7cd4e5e53c5f32cdee,Luke Pedlar,GEN_FWD,141,141,0,0.0,628,628,0,-26.1672,,0.0
afl-player-v1-94cc915f2822092427ea,Tanner Bruhn,MID,1302,1302,0,0.0,184,184,0,-3.8425,,0.0
afl-player-v1-c64255f0f57e31279cb2,Heath Chapman,GEN_DEF,607,607,0,0.0,319,323,4,-8.8315,,0.0
afl-player-v1-95c0c5cff3419f06f68d,Conor Stone,GEN_DEF,86,86,0,0.0,682,682,0,-28.9489,,0.0
afl-player-v1-5609057abdfa7ac6b0b7,Lachlan Jones,GEN_DEF,121,121,0,0.0,644,645,1,-19.1867,,0.0
afl-player-v1-64427a9d50f9d2e02896,Alex Davies,MID,515,515,0,0.0,360,362,2,-12.3634,,0.0
afl-player-v1-7bf02b691759aa5668c1,Oliver Henry,GEN_FWD,91,91,0,0.0,675,675,0,-17.246,,0.0
afl-player-v1-608669769f22160e551f,Ryan Angwin,MID,441,441,0,0.0,399,400,1,-14.7371,,0.0
afl-player-v1-0003b04679076982c85a,Finlay Macrae,MID,108,108,0,0.0,656,657,1,-36.5933,,0.0
afl-player-v1-a5ad8398bbd215b116e2,Bailey Laurie,GEN_FWD,72,72,0,0.0,704,704,0,-23.7071,,0.0
afl-player-v1-47fc3fea377757910ec4,Reef McInnes,KEY_DEF,77,77,0,0.0,700,700,0,-32.774,,0.0
afl-player-v1-e92e7da190d06a68ff04,Brayden Cook,MID,677,677,0,0.0,297,300,3,-7.89,,0.0
afl-player-v1-70e2d14ebd8405ca773d,Nathan O'Driscoll,MID,894,894,0,0.0,241,247,6,-7.7723,,0.0
afl-player-v1-4089c1bea0a3694d9ca3,Liam McMahon,KEY_FWD,223,223,0,0.0,568,568,0,-24.7,,0.0
afl-player-v1-e148f8679875b3d6250a,Corey Durdin,GEN_FWD,55,55,0,0.0,720,720,0,-18.5584,,0.0
afl-player-v1-537ae4bc02e76416ccca,Samson Ryan,RUC,453,453,0,0.0,393,394,1,-29.4319,,0.0
afl-player-v1-1df9ecb7c033ae7646a4,Jack Carroll,MID,184,184,0,0.0,595,595,0,-22.3778,,0.0
afl-player-v1-263e17ec5c383810e670,Harry Sharp,GEN_FWD,105,105,0,0.0,660,661,1,-13.4494,,0.0
afl-player-v1-a5a788fcc3dc14ff1091,Beau McCreery,GEN_FWD,221,221,0,0.0,571,571,0,-6.8451,,0.0
afl-player-v1-422fa02891468213fe42,Tyler Brockman,GEN_FWD,90,90,0,0.0,676,676,0,-19.0173,,0.0
afl-player-v1-cd63e2915e6b25ca73ac,Henry Smith,KEY_FWD,157,157,0,0.0,615,615,0,-23.7333,,0.0
afl-player-v1-c8794f93f4aae9611841,Ollie Lord,KEY_FWD,169,169,0,0.0,607,607,0,-24.0238,,0.0
afl-player-v1-e36fc9a752bdb05af645,Brandon Walker,GEN_DEF,114,114,0,0.0,652,654,2,-28.9829,,0.0
afl-player-v1-8e35dd8ce06e18a7a07b,Maurice Rioli,GEN_FWD,81,81,0,0.0,694,694,0,-18.1014,,0.0
afl-player-v1-544ddb3b212cf0e7013e,Jacob Wehr,GEN_DEF,21,21,0,0.0,778,778,0,-26.0524,,0.0
afl-player-v1-4b9fabee253c2cb820fe,Lachlan McNeil,GEN_FWD,19,19,0,0.0,780,780,0,-19.4154,,0.0
afl-player-v1-e961f98e3ca95449c021,James Borlase,KEY_DEF,457,457,0,0.0,391,392,1,-5.0231,,0.0
afl-player-v1-1ca96839896a3417dbcd,Rhyan Mansell,GEN_FWD,105,105,0,0.0,662,662,0,-9.5411,,0.0
afl-player-v1-f454cdc57bca55f25e29,Nick Murray,KEY_DEF,373,373,0,0.0,443,445,2,-5.3131,,0.0
afl-player-v1-3cd41ae70e67f1401076,Max Heath,RUC,150,150,0,0.0,620,620,0,-26.7429,,0.0
afl-player-v1-a78d615765af7770ab64,Jordan Boyd,GEN_DEF,9,9,0,0.0,797,797,0,-18.4217,,0.0
afl-player-v1-49e7841acad14b2e2383,Cooper Sharman,KEY_FWD,763,763,0,0.0,274,274,0,-1.4374,,0.0
afl-player-v1-fd0092d26b0a422f8f77,Dylan Stephens,MID,483,483,0,0.0,374,377,3,-8.9858,,0.0
afl-player-v1-d3f770bb1b952d27e053,Liam Henry,GEN_FWD,83,83,0,0.0,689,689,0,-24.4229,,0.0
afl-player-v1-f822e70b2df2c17d0328,Miles Bergman,GEN_DEF,795,795,0,0.0,266,269,3,-7.1087,,0.0
afl-player-v1-261fb8d2a929be14129f,Cody Weightman,GEN_FWD,346,346,0,0.0,460,460,0,-18.8845,,0.0
afl-player-v1-8206dd775d932c66ff19,Brodie Kemp,KEY_FWD,852,852,0,0.0,253,257,4,-3.0414,,0.0
afl-player-v1-eb806190ff707f002a41,Deven Robertson,MID,251,251,0,0.0,546,547,1,-12.1174,,0.0
afl-player-v1-ab850e133d188f1c21e4,Harry Schoenberg,MID,55,55,0,0.0,721,721,0,-32.9395,,0.0
afl-player-v1-ae842904e89695581f8b,Jackson Mead,GEN_FWD,53,53,0,0.0,725,725,0,-16.1135,,0.0
afl-player-v1-a7f32f55b2de8df8a3aa,Jeremy Sharp,MID,117,117,0,0.0,649,650,1,-24.5255,,0.0
afl-player-v1-b522f3a7cd0997e31b8f,Finn Maginness,GEN_FWD,35,35,0,0.0,750,750,0,-19.8718,,0.0
afl-player-v1-f7dc5d1887383e694d56,Harrison Jones,KEY_FWD,338,338,0,0.0,467,468,1,-22.935,,0.0
afl-player-v1-b2c20ab6820a656f1945,Charlie Comben,KEY_DEF,746,746,0,0.0,276,276,0,-3.5005,,0.0
afl-player-v1-4a32b31ca8fd0f3e2ff3,Flynn Perez,GEN_DEF,13,13,0,0.0,786,786,0,-27.189,,0.0
afl-player-v1-a38daae79d1b591ef623,Keidean Coleman,GEN_DEF,885,885,0,0.0,243,248,5,-0.859,,0.0
afl-player-v1-9b15397e2d34aa5dc01c,Nick Bryan,RUC,807,807,0,0.0,262,265,3,-13.461,,0.0
afl-player-v1-c4c5af0d7fdb69445549,Francis Evans,GEN_FWD,166,166,0,0.0,608,608,0,-9.5642,,0.0
afl-player-v1-52c235aa590e898085a2,Hugo Ralphsmith,MID,59,59,0,0.0,716,716,0,-25.9512,,0.0
afl-player-v1-6c5aa145c8e6f090ccf2,Jake Riccardi,KEY_FWD,403,403,0,0.0,427,429,2,-3.116,,0.0
afl-player-v1-cf1d0b8f5a720a46c06a,Ryan Byrnes,GEN_DEF,107,107,0,0.0,659,660,1,-20.3201,,0.0
afl-player-v1-82c7e8f494607c184f2b,Jaxon Prior,GEN_DEF,497,497,0,0.0,365,369,4,-7.3384,,0.0
afl-player-v1-817e9e2a5551e5eeebe2,Jy Farrar,KEY_FWD,26,26,0,0.0,772,772,0,-18.566,,0.0
afl-player-v1-c05999000f6adcc37825,Michael Frederick,GEN_FWD,95,95,0,0.0,672,672,0,-8.941,,0.0
afl-player-v1-fa4da742489a33e816d0,Riley Garcia,GEN_FWD,149,149,0,0.0,622,622,0,-9.842,,0.0
afl-player-v1-003e4d5d62024af040e6,Bradley Close,GEN_FWD,29,29,0,0.0,765,765,0,-17.2788,,0.0
afl-player-v1-10478fc6854d4a00ac91,Connor Budarick,GEN_DEF,139,139,0,0.0,629,629,0,-12.3772,,0.0
afl-player-v1-646eff37a6b61875e2a2,Malcolm Rosas,GEN_FWD,84,84,0,0.0,688,688,0,-13.0488,,0.0
afl-player-v1-f2d8efef518ca2749612,Max King,KEY_FWD,376,376,0,0.0,442,444,2,-9.0314,,0.0
afl-player-v1-8aa63d4c934e87e4fb62,Ben King,KEY_FWD,428,428,0,0.0,405,407,2,-4.2147,,0.0
afl-player-v1-27b21d716a174d3d7a69,Chayce Jones,MID,109,109,0,0.0,654,656,2,-35.4433,,0.0
afl-player-v1-21e9cb1ab2cba05f6b3b,Isaac Quaynor,GEN_DEF,579,579,0,0.0,330,336,6,-5.2653,,0.0
afl-player-v1-7d0919e8b1e6bb67a1a8,Sam Sturt,GEN_FWD,53,53,0,0.0,727,727,0,-19.6789,,0.0
afl-player-v1-b47e5cb1968d77000570,Xavier Duursma,MID,257,257,0,0.0,540,541,1,-8.9812,,0.0
afl-player-v1-da036863cc3d8fb50812,Liam Stocker,GEN_DEF,40,40,0,0.0,744,744,0,-32.0271,,0.0
afl-player-v1-5e8ea652229ac10e25c6,Xavier O'Halloran,GEN_FWD,42,42,0,0.0,742,742,0,-14.8065,,0.0
afl-player-v1-530b7fcbfe22f330e3c4,Bobby Hill,GEN_FWD,67,67,0,0.0,708,708,0,-13.1648,,0.0
afl-player-v1-70f3ca3303c30ee97d8e,James Rowbottom,MID,708,708,0,0.0,292,292,0,-4.1791,,0.0
afl-player-v1-82123073102a52f26b3f,Rhylee West,GEN_FWD,171,171,0,0.0,604,604,0,-5.5739,,0.0
afl-player-v1-255d45ce53af9a6a07e4,Tom Sparrow,MID,718,718,0,0.0,287,288,1,-4.1498,,0.0
afl-player-v1-173e2cb4e5ec4e8583c7,James Jordon,MID,43,43,0,0.0,738,738,0,-16.7754,,0.0
afl-player-v1-d7abc18c5d395b3a2c74,Laitham Vandermeer,GEN_FWD,31,31,0,0.0,760,760,0,-23.6823,,0.0
afl-player-v1-07c750d057076538133f,Bailey Scott,MID,53,53,0,0.0,724,724,0,-23.4223,,0.0
afl-player-v1-49df55e41314f434839b,Noah Answerth,GEN_DEF,31,31,0,0.0,762,762,0,-22.9108,,0.0
afl-player-v1-1743f45ca1b92f8fcc22,Lachlan Sholl,MID,311,311,0,0.0,487,488,1,-11.8241,,0.0
afl-player-v1-f71449e1a2898d8edeb8,Darcy Fort,RUC,81,81,0,0.0,692,692,0,-4.157,,0.0
afl-player-v1-fafdbcbe6d6e92c5a664,Caleb Graham,KEY_DEF,75,75,0,0.0,701,701,0,-12.5068,,0.0
afl-player-v1-d31ac1b67446aee6f5bc,Toby Bedford,GEN_FWD,248,248,0,0.0,549,550,1,-4.432,,0.0
afl-player-v1-ed61fefae906a87f47d7,Harry Edwards,KEY_DEF,175,175,0,0.0,601,601,0,-22.7327,,0.0
afl-player-v1-49b2f47645c8cd4d1be0,Jordon Butts,KEY_DEF,13,13,0,0.0,787,787,0,-17.2026,,0.0
afl-player-v1-2aa15c17a8f9bb98c666,Callum M. Brown,GEN_FWD,25,25,0,0.0,774,774,0,-19.3265,,0.0
afl-player-v1-ebdf837d2a23b1282f44,Matt Owies,GEN_FWD,2,2,0,0.0,801,801,0,-23.8267,,0.0
afl-player-v1-fb132efc63e911fae6c0,Sam Wicks,GEN_DEF,27,27,0,0.0,769,769,0,-15.9648,,0.0
afl-player-v1-5c33c0ae50436bf7207b,Buku Khamis,KEY_DEF,82,82,0,0.0,690,690,0,-13.3632,,0.0
afl-player-v1-9753c5a65f8ab7ff3101,Matt Cottrell,MID,67,67,0,0.0,710,710,0,-20.9218,,0.0
afl-player-v1-2245a2e1f23e42eee60f,Hayden McLean,KEY_FWD,586,586,0,0.0,326,330,4,-2.4966,,0.0
afl-player-v1-7e55cca73bb1024b34e5,Ned Reeves,RUC,404,404,0,0.0,426,428,2,-8.6787,,0.0
afl-player-v1-ef6e380522f2f654bf4f,Cameron Rayner,GEN_FWD,438,438,0,0.0,402,404,2,-1.1604,,0.0
afl-player-v1-38775e374c8599ccc338,Paddy Dow,MID,162,162,0,0.0,612,612,0,-21.3097,,0.0
afl-player-v1-7a99659c90e0a5eab680,Hunter Clark,GEN_DEF,54,54,0,0.0,723,723,0,-14.697,,0.0
afl-player-v1-72cf2a6d4a4c62d627af,Nicholas Coffield,GEN_DEF,52,52,0,0.0,729,729,0,-16.8817,,0.0
afl-player-v1-258d2d81770b23a2a512,Darcy Fogarty,KEY_FWD,398,398,0,0.0,429,431,2,-6.5528,,0.0
afl-player-v1-f0954271c7d67c115002,Jack Higgins,GEN_FWD,186,186,0,0.0,594,594,0,-5.5977,,0.0
afl-player-v1-569d8308f325f3ed09a1,Brandon Starcevich,GEN_DEF,42,42,0,0.0,739,739,0,-26.6313,,0.0
afl-player-v1-17f0b755996b041b69f4,Callum Coleman-Jones,KEY_FWD,41,41,0,0.0,743,743,0,-28.1267,,0.0
afl-player-v1-00338d87a98ae8165ce5,Oscar Allen,KEY_FWD,191,191,0,0.0,588,588,0,-10.6776,,0.0
afl-player-v1-d36af4e0c575a42a4a34,Lachlan Fogarty,GEN_FWD,84,84,0,0.0,687,687,0,-11.4126,,0.0
afl-player-v1-98f25927e2518d84b035,Noah Balta,KEY_FWD,413,413,0,0.0,415,417,2,-3.2211,,0.0
afl-player-v1-1ec0eff1df6b8670aa5a,Liam Ryan,GEN_FWD,29,29,0,0.0,766,766,0,-10.6482,,0.0
afl-player-v1-a1f4b1e733f155a14dcc,Charlie Spargo,GEN_FWD,35,35,0,0.0,749,749,0,-26.6752,,0.0
afl-player-v1-232efdaede6c4306886a,Bayley Fritsch,GEN_FWD,188,188,0,0.0,589,589,0,-3.1267,,0.0
afl-player-v1-798ef99c1a224797383e,Harrison Petty,KEY_DEF,146,146,0,0.0,624,624,0,-9.8681,,0.0
afl-player-v1-b8bb99a0c8d9a611efd0,Charlie Ballard,KEY_DEF,221,221,0,0.0,572,572,0,-16.6231,,0.0
afl-player-v1-c01448b8c1a9d2ca5862,James Worpel,MID,519,519,0,0.0,358,360,2,-3.977,,0.0
afl-player-v1-9593a2d2734002e0b1d5,Oskar Baker,GEN_FWD,31,31,0,0.0,763,763,0,-16.8589,,0.0
afl-player-v1-2e9b993cc75d1a398899,Jack Payne,KEY_DEF,219,219,0,0.0,575,575,0,-4.6512,,0.0
afl-player-v1-43045f12f382767201cd,Brandon Zerk-Thatcher,KEY_DEF,247,247,0,0.0,550,551,1,-7.5643,,0.0
afl-player-v1-b5939f9f51392e0dedbb,Sam Switkowski,GEN_FWD,49,49,0,0.0,734,734,0,-6.6182,,0.0
afl-player-v1-1ce21cd3f5b5fbbc7ea5,Matt Guelfi,GEN_FWD,26,26,0,0.0,773,773,0,-25.1461,,0.0
afl-player-v1-32fef89bc6c5dfeda8b7,Bailey Banfield,GEN_DEF,15,15,0,0.0,784,784,0,-18.8083,,0.0
afl-player-v1-5b86577d1ec0d6159e9c,Liam Baker,GEN_DEF,656,656,0,0.0,301,306,5,-1.5896,,0.0
afl-player-v1-221530aa5e5039c05e58,Brody Mihocek,KEY_FWD,11,11,0,0.0,790,790,0,-8.0211,,0.0
afl-player-v1-54c87b7338a49c5e610e,Joel Amartey,KEY_FWD,136,136,0,0.0,632,632,0,-10.057,,0.0
afl-player-v1-0d58e3e7af08a0573883,Changkuoth Jiath,GEN_DEF,26,26,0,0.0,770,770,0,-18.3607,,0.0
afl-player-v1-1dd83227423bc5021c1e,Jack Buckley,KEY_DEF,737,737,0,0.0,280,281,1,-0.5798,,0.0
afl-player-v1-f5edc99c62076d254cd1,Ben Ainsworth,GEN_FWD,278,278,0,0.0,512,512,0,-4.228,,0.0
afl-player-v1-62df7ec27dcdcd499eae,Jack Scrimshaw,GEN_DEF,124,124,0,0.0,638,639,1,-11.3448,,0.0
afl-player-v1-c3e6e956e025b6662560,Griffin Logue,KEY_DEF,131,131,0,0.0,635,635,0,-11.1488,,0.0
afl-player-v1-6b93a2ceea43974fa1bd,Will Brodie,MID,1019,1019,0,0.0,220,222,2,-10.3262,,0.0
afl-player-v1-a59a02296416446ba7a4,Jack Bowes,MID,117,117,0,0.0,648,649,1,-9.0406,,0.0
afl-player-v1-0a0fa0c58c2f8c6d7bb4,Harry Perryman,GEN_DEF,175,175,0,0.0,602,602,0,-7.2376,,0.0
afl-player-v1-362f152fd27e70a71f51,Todd Marshall,KEY_FWD,151,151,0,0.0,619,619,0,-9.7251,,0.0
afl-player-v1-9643ed01b474bed53c3a,Sam Powell-Pepper,GEN_FWD,301,301,0,0.0,493,495,2,-2.4521,,0.0
afl-player-v1-a755ba66278640abe3f4,Isaac Cumming,GEN_DEF,70,70,0,0.0,706,706,0,-11.4835,,0.0
afl-player-v1-f5c68ed3e427786f2d4b,Will Hayward,GEN_FWD,224,224,0,0.0,567,567,0,-2.7366,,0.0
afl-player-v1-f11e474abd2b99b6d2f8,Ben Long,GEN_FWD,31,31,0,0.0,758,758,0,-12.8108,,0.0
afl-player-v1-0275b689ff4d0b651b11,Zac Fisher,GEN_FWD,208,208,0,0.0,579,579,0,-12.154,,0.0
afl-player-v1-83b07dc4285196c7239b,Sean Darcy,RUC,1208,1208,0,0.0,198,201,3,-2.2164,,0.0
afl-player-v1-445f7f59f6834b843fec,Brennan Cox,KEY_DEF,453,453,0,0.0,392,393,1,-2.3663,,0.0
afl-player-v1-0b17edd7590d41b40abb,Esava Ratugolea,KEY_DEF,96,96,0,0.0,670,670,0,-4.206,,0.0
afl-player-v1-472b105de05f27cd1365,Lewis Young,KEY_DEF,179,179,0,0.0,599,599,0,-10.2201,,0.0
afl-player-v1-a1ee363298e454ebcca4,Elliott Himmelberg,KEY_FWD,122,122,0,0.0,640,641,1,-11.7956,,0.0
afl-player-v1-7f1a97e8d1d17bed7d0a,Jack Graham,MID,367,367,0,0.0,446,448,2,-1.7191,,0.0
afl-player-v1-f148d9edfdf14e89802c,Harry Morrison,MID,50,50,0,0.0,730,730,0,-15.2001,,0.0
afl-player-v1-a0b3ea7bd6d63a63235c,Sam Draper,RUC,688,688,0,0.0,296,298,2,-3.5343,,0.0
afl-player-v1-784487b132fbd42fc311,Tyson Stengle,GEN_FWD,254,254,0,0.0,543,544,1,-3.4487,,0.0
afl-player-v1-e28761609cc2957874ad,Peter Ladhams,RUC,239,239,0,0.0,557,557,0,-15.6262,,0.0
afl-player-v1-397ef921c11641ab2a61,Cameron Zurhaar,GEN_FWD,199,199,0,0.0,584,584,0,-3.4867,,0.0
afl-player-v1-50b72fbfc63ab0190926,Jack Henry,KEY_DEF,229,229,0,0.0,562,562,0,-6.6633,,0.0
afl-player-v1-caac261627e427ecf9de,Mitchell Hinge,GEN_DEF,556,556,0,0.0,342,348,6,-5.4505,,0.0
afl-player-v1-5427cd4da7218df98938,Zach Guthrie,GEN_DEF,535,535,0,0.0,355,357,2,-1.2797,,0.0
afl-player-v1-ac916c5a414684518bb0,Toby Pink,KEY_DEF,19,19,0,0.0,781,781,0,-11.7233,,0.0
afl-player-v1-7555fe54ff67c19818b0,Darragh Joyce,KEY_DEF,10,10,0,0.0,794,794,0,-15.0169,,0.0
afl-player-v1-f6a31f144b76f71804c8,Conor Nash,MID,344,344,0,0.0,462,462,0,-2.7766,,0.0
afl-player-v1-b9731120bd8796d03337,Mark O'Connor,GEN_DEF,15,15,0,0.0,785,785,0,-13.3905,,0.0
afl-player-v1-9d50f14efc8f49c09e12,Jacob Hopper,MID,121,121,0,0.0,642,643,1,-5.7656,,0.0
afl-player-v1-0b851ac82d1ffef7f781,Callum Ah Chee,GEN_FWD,84,84,0,0.0,685,685,0,-10.3393,,0.0
afl-player-v1-b6a02cc47fed6efaa8c1,Eric Hipwood,KEY_FWD,89,89,0,0.0,677,677,0,-10.8602,,0.0
afl-player-v1-0297bfd91767586dc86b,Harrison Himmelberg,GEN_DEF,443,443,0,0.0,397,398,1,-2.4521,,0.0
afl-player-v1-b3b7c6ccc9df2c916e34,Tom Doedee,GEN_DEF,393,393,0,0.0,432,434,2,-16.8094,,0.0
afl-player-v1-08b33b65866c62f3e6aa,Jade Gresham,GEN_FWD,50,50,0,0.0,731,731,0,-18.2039,,0.0
afl-player-v1-7a92c744fa1e8422082f,Brayden Fiorini,MID,321,321,0,0.0,481,482,1,-0.7319,,0.0
afl-player-v1-fa34fb409dec46427a9a,Ben McKay,KEY_DEF,46,46,0,0.0,736,736,0,-14.8685,,0.0
afl-player-v1-c3ab45a033553100f573,Tom Cole,GEN_DEF,30,30,0,0.0,764,764,0,-14.8026,,0.0
afl-player-v1-9929a9b8322b37c5952f,Matthew Flynn,RUC,717,717,0,0.0,288,289,1,-0.4266,,0.0
afl-player-v1-b863559cd3b5b300ab3e,Corey Wagner,GEN_DEF,42,42,0,0.0,740,740,0,-8.9027,,0.0
afl-player-v1-2d0be16a32b077bf822a,Blake Hardwick,GEN_DEF,381,381,0,0.0,435,438,3,-0.9629,,0.0
afl-player-v1-9978daa48563b378b50f,Ryan Gardner,KEY_DEF,32,32,0,0.0,757,757,0,-37.9228,,0.0
afl-player-v1-5ee1939ad38f451c9839,Nathan Broad,GEN_DEF,11,11,0,0.0,792,792,0,-13.0108,,0.0
afl-player-v1-514bd6a202ed9e0c5ec5,Mabior Chol,KEY_FWD,341,341,0,0.0,466,467,1,-0.2017,,0.0
afl-player-v1-8cf5e493bdfae3733c6d,Darcy Moore,KEY_DEF,257,257,0,0.0,539,540,1,-11.4542,,0.0
afl-player-v1-a9361201965061c8f4a0,Lachlan Weller,MID,81,81,0,0.0,693,693,0,-9.8218,,0.0
afl-player-v1-46e08b85a52fdc2973b1,Mitch McGovern,GEN_DEF,27,27,0,0.0,768,768,0,-12.8142,,0.0
afl-player-v1-449b339597a1555d5372,Oscar McDonald,KEY_DEF,48,48,0,0.0,735,735,0,-7.7281,,0.0
afl-player-v1-185b7da86ed41cfa157e,Dougal Howard,KEY_DEF,91,91,0,0.0,674,674,0,-11.8263,,0.0
afl-player-v1-fd8f88cb7a251aba137f,Daniel Butler,GEN_FWD,20,20,0,0.0,779,779,0,-33.2519,,0.0
afl-player-v1-88cc3d546296baa70767,Billy Frampton,KEY_DEF,173,173,0,0.0,603,603,0,-4.0592,,0.0
afl-player-v1-b504db15773d5f3d2b26,Lewis Melican,KEY_DEF,56,56,0,0.0,718,718,0,-8.6501,,0.0
afl-player-v1-e54d1b525f74546c124a,Conor McKenna,GEN_FWD,11,11,0,0.0,791,791,0,-15.9506,,0.0
afl-player-v1-5ded124c3073357f49b3,Mason Cox,KEY_FWD,1,1,0,0.0,803,803,0,-23.4999,,0.0
afl-player-v1-a934cbd848b889e3b90a,Luke McDonald,GEN_DEF,52,52,0,0.0,728,728,0,-7.8767,,0.0
afl-player-v1-af797315ad896038d6ad,Blake Acres,MID,94,94,0,0.0,673,673,0,-1.5986,,0.0
afl-player-v1-58e657a00852c21c0ddf,Darcy Gardiner,KEY_DEF,45,45,0,0.0,737,737,0,-13.6939,,0.0
afl-player-v1-96295534a1df94d2044b,Daniel McStay,KEY_FWD,63,63,0,0.0,712,712,0,-6.9153,,0.0
afl-player-v1-e8789b39cd0b6f475b7d,Alex Pearce,KEY_DEF,38,38,0,0.0,746,746,0,-15.0498,,0.0
afl-player-v1-065355e7e85a5ced14d4,Jake Kolodjashnij,KEY_DEF,37,37,0,0.0,747,747,0,-14.1865,,0.0
afl-player-v1-03bbba3884d3b4e86743,Tom Barrass,KEY_DEF,477,477,0,0.0,380,383,3,-1.4506,,0.0
afl-player-v1-34a8a44afb07bd5a046d,Nicholas Holman,GEN_FWD,24,24,0,0.0,775,775,0,-25.5378,,0.0
afl-player-v1-f2d3605fc71d7aa8d371,Darcy Byrne-Jones,GEN_DEF,249,249,0,0.0,548,549,1,-3.6632,,0.0
afl-player-v1-7f331c01fa1334654985,Charlie Cameron,GEN_FWD,267,267,0,0.0,533,533,0,-3.1703,,0.0
afl-player-v1-33736b48a197f2f1ba65,Jack Martin,GEN_FWD,95,95,0,0.0,671,671,0,-8.2019,,0.0
afl-player-v1-45d37b36c6b9d3a5acd2,Jesse Hogan,KEY_FWD,464,464,0,0.0,384,386,2,-0.1098,,0.0
afl-player-v1-321029a9a16b5cd19eb6,Jake Stringer,GEN_FWD,127,127,0,0.0,636,637,1,-4.6798,,0.0
afl-player-v1-4296b7b2f29741debd64,Aidan Corr,KEY_DEF,49,49,0,0.0,732,732,0,-13.4375,,0.0
afl-player-v1-b82cb6d7d94c9cfeabbc,Mason Wood,GEN_FWD,152,152,0,0.0,617,617,0,-0.6035,,0.0
afl-player-v1-2f8f4a2bfa1014ab44a3,Tim Membrey,KEY_FWD,40,40,0,0.0,745,745,0,-10.4811,,0.0
afl-player-v1-797837193a7c4b847d81,Jake Lloyd,GEN_DEF,42,42,0,0.0,741,741,0,-4.7609,,0.0
afl-player-v1-7d2a459ea2ec881ee4e0,Dane Rampe,GEN_DEF,12,12,0,0.0,788,788,0,-13.3087,,0.0
afl-player-v1-c429049c86bb22e10b9a,Zachary Williams,GEN_DEF,152,152,0,0.0,618,618,0,-4.5065,,0.0
afl-player-v1-ab46ab2b7dfa76067fbb,Jaeger O'Meara,MID,183,183,0,0.0,596,596,0,-11.8804,,0.0
afl-player-v1-7fa57669a2ceda593183,Stephen Coniglio,MID,162,162,0,0.0,614,614,0,-12.2095,,0.0
afl-player-v1-2df5772a1446de4f16bf,Nick Haynes,GEN_DEF,81,81,0,0.0,695,695,0,-3.6895,,0.0
afl-player-v1-f4e0edae401d0ec0c617,Adam Treloar,MID,601,601,0,0.0,321,324,3,-9.9134,,0.0
afl-player-v1-a1eb647f11192890abda,Joel Hamling,KEY_DEF,35,35,0,0.0,751,751,0,-11.984,,0.0
afl-player-v1-6eb4e78e45737f63df6e,Lincoln McCarthy,GEN_FWD,27,27,0,0.0,767,767,0,-12.5271,,0.0
afl-player-v1-8da0b1455f76a2e2df9c,Jed Bews,GEN_DEF,26,26,0,0.0,771,771,0,-19.472,,0.0
afl-player-v1-bf5bd9012e153d04a9fe,Harry Cunningham,GEN_DEF,3,3,0,0.0,800,800,0,-18.3593,,0.0
afl-player-v1-96e4afac65663a792290,Mark Blicavs,MID,10,10,0,0.0,795,795,0,-9.2001,,0.0
afl-player-v1-2f78d22f48bc1dcda5da,Tom Lynch,KEY_FWD,187,187,0,0.0,593,593,0,-4.8518,,0.0
afl-player-v1-ce944748c780cff96356,Jamie Cripps,GEN_FWD,34,34,0,0.0,754,754,0,-12.735,,0.0
afl-player-v1-1cae4209fbd31b79c45d,Jack Darling,KEY_FWD,367,367,0,0.0,445,447,2,-0.0937,,0.0
afl-player-v1-3c835dd107884340772b,Tom McDonald,KEY_DEF,360,360,0,0.0,452,453,1,-0.131,,0.0
afl-player-v1-6a3381cd7e6ab7ef3151,Jake Melksham,KEY_FWD,49,49,0,0.0,733,733,0,-10.3104,,0.0
afl-player-v1-3a1a32f650dfcc82c760,Steele Sidebottom,MID,97,97,0,0.0,669,669,0,-9.0856,,0.0
afl-player-v1-24528d3a9decf5f0337c,Rhys Stanley,RUC,36,36,0,0.0,748,748,0,-8.7363,,0.0
afl-player-v1-9d55ae026e35b795f6a5,Taylor Walker,KEY_FWD,239,239,0,0.0,558,558,0,-0.1561,,0.0
afl-player-v1-0ecc742e1e4c4714661c,Jamie Elliott,GEN_FWD,31,31,0,0.0,759,759,0,-4.4914,,0.0
afl-player-v1-bbc4fa1d66b431694808,Wil Parker,GEN_DEF,34,34,0,0.0,755,755,0,-37.1713,,0.0
afl-player-v1-fc90df145520acd22b04,Ben Murphy,GEN_DEF,277,277,0,0.0,516,516,0,,,0.0
afl-player-v1-c4d9086a24b07776bf5c,Kobe McDonald,GEN_DEF,277,277,0,0.0,519,519,0,,,0.0
afl-player-v1-256b99e7e6b4972abca7,Indy Cotton,GEN_DEF,277,277,0,0.0,517,517,0,,,0.0
afl-player-v1-44edbd90969b5c4373c3,Oscar Berry,KEY_DEF,120,120,0,0.0,645,646,1,,,0.0
afl-player-v1-a8d4c0c54b6acab698c5,Patrick Carr,RUC,412,412,0,0.0,422,425,3,,,0.0
afl-player-v1-60a82e89999eaca19d3f,Cillian Bourke,GEN_DEF,380,380,0,0.0,436,439,3,,,0.0
afl-player-v1-1d1e35bfd48a45849e03,Matt Rowell,MID,3980,3981,1,0.03,26,25,-1,23.2362,1.2858,0.0987
afl-player-v1-df9f00b1d0c9ef2defb9,Lachlan McAndrew,RUC,1288,1291,3,0.23,185,185,0,8.4823,0.7712,0.0543
afl-player-v1-d6d2fe7a40a3a6ef7cf0,Brayden Maynard,GEN_DEF,901,907,6,0.67,240,243,3,6.9045,0.5457,0.1
afl-player-v1-03ee55a3db4377aa7023,Connor Rozee,MID,2988,2996,8,0.27,58,57,-1,17.9964,0.9959,0.0998
afl-player-v1-2ba9319113f47277fa21,Daniel Rioli,GEN_DEF,777,785,8,1.03,270,270,0,5.2758,0.417,0.0879
afl-player-v1-a632c601617e8e666e07,Lachlan Schultz,GEN_FWD,791,801,10,1.26,267,266,-1,5.9441,0.7807,0.0989
afl-player-v1-61b3ccb5ea59c4851445,Jordan Ridley,GEN_DEF,1117,1127,10,0.9,206,208,2,3.0366,0.24,0.0497
afl-player-v1-d246c05d619c36492dce,Josh Daicos,GEN_DEF,2135,2146,11,0.52,92,90,-2,15.9908,1.2638,0.0998
afl-player-v1-c0e33467ecaecc45a77a,Willem Drew,MID,827,839,12,1.45,256,258,2,4.9872,0.276,0.0828
afl-player-v1-3748d2d5901b55897f63,Nick Vlastuin,GEN_DEF,105,117,12,11.43,661,651,-10,0.4652,0.0368,0.0078
afl-player-v1-98009763e49092307d27,Noah Anderson,MID,5132,5147,15,0.29,13,13,0,29.4252,1.6283,0.0998
afl-player-v1-bd42202cb19165646cf4,Izak Rankine,GEN_FWD,3013,3028,15,0.5,56,56,0,21.3172,2.7998,0.0996
afl-player-v1-5283bc8e85b412262bbf,Jarman Impey,GEN_DEF,675,691,16,2.37,298,296,-2,6.0691,0.4797,0.1
afl-player-v1-da2d4125164141ff0084,Jackson Macrae,MID,242,258,16,6.61,554,539,-15,1.8983,0.105,0.0316
afl-player-v1-7fe8fd54753702fa0287,Dion Prestia,MID,324,341,17,5.25,477,466,-11,2.0324,0.1125,0.0339
afl-player-v1-b0f136f33ad07b15d6d8,Ned Moyle,RUC,1667,1685,18,1.08,139,138,-1,1.5202,0.1382,0.0016
afl-player-v1-ea006b568d7e6484b32a,Jordon Sweet,RUC,2464,2482,18,0.73,72,73,1,17.8643,1.6241,0.0916
afl-player-v1-572eab5dc72e3289b808,Jy Simpkin,MID,607,626,19,3.13,320,314,-6,2.2318,0.1235,0.0372
afl-player-v1-4c39c245f4e41e17565b,Jarrod Berry,MID,538,557,19,3.53,353,347,-6,2.0034,0.1109,0.0334
afl-player-v1-1abf46c80f3799c0d483,Nick Madden,RUC,1468,1488,20,1.36,164,165,1,5.9,0.5364,0.0001
afl-player-v1-0f7806fb9aa246ac2b53,Christian Salem,GEN_DEF,578,598,20,3.46,331,326,-5,5.6101,0.4434,0.0935
afl-player-v1-f000210c809f7128d817,Patrick Dangerfield,GEN_FWD,109,129,20,18.35,655,636,-19,0.4655,0.0611,0.0078
afl-player-v1-da6f8389b5a659e1eabe,Brent Daniels,GEN_FWD,1439,1460,21,1.46,168,169,1,11.0904,1.4566,0.0989
afl-player-v1-2bb1c4575ccd8c7ba202,Bailey Williams,GEN_DEF,625,648,23,3.68,311,307,-4,3.3064,0.2613,0.0551
afl-player-v1-6d1a84a432c2cd83dd4a,Timothy English,RUC,3655,3679,24,0.66,34,36,2,25.9817,2.3621,0.0999
afl-player-v1-25521d7a372d9e865f2f,Jacob Weitering,KEY_DEF,1246,1270,24,1.93,194,190,-4,9.2353,1.2791,0.1
afl-player-v1-925ceac71aac412ace23,Tristan Xerri,RUC,7605,7630,25,0.33,4,4,0,44.5208,4.0476,0.0946
afl-player-v1-daa646e163644de88154,Nick Larkey,KEY_FWD,714,739,25,3.5,289,280,-9,2.1492,0.3243,0.0358
afl-player-v1-76808420035e6a8b6706,Mason Redman,GEN_DEF,1626,1651,25,1.54,146,142,-4,13.7142,1.0839,0.0998
afl-player-v1-fcb11713300f463bd31a,Josh Battle,KEY_DEF,2390,2416,26,1.09,81,76,-5,16.2557,2.2514,0.0999
afl-player-v1-32a991d4c02188914ecf,Kyle Langford,KEY_FWD,641,667,26,4.06,305,304,-1,2.1593,0.3258,0.036
afl-player-v1-ac26f9acafae5ca8384a,Ryan Lester,KEY_DEF,878,905,27,3.08,244,245,1,7.2202,1.0,0.1
afl-player-v1-f5e39356680d53f4d27a,Jeremy Howe,GEN_DEF,283,310,27,9.54,508,489,-19,0.6918,0.0547,0.0115
afl-player-v1-5efcadd8aa7f4d9cd988,Harry McKay,KEY_FWD,1825,1853,28,1.53,124,125,1,10.3819,1.5666,0.0999
afl-player-v1-7c293250cf8dbc3b45e4,Liam Duggan,GEN_DEF,410,439,29,7.07,423,402,-21,1.6314,0.1289,0.0272
afl-player-v1-f24a5a22059c4d196165,Mitchell Lewis,KEY_FWD,658,688,30,4.56,299,297,-2,1.3008,0.1963,0.0213
afl-player-v1-f6c1419e3347c583c2bb,Wil Powell,GEN_DEF,939,970,31,3.3,230,228,-2,2.1542,0.1703,0.0359
afl-player-v1-5dabae98d4a977b6dfc7,Jake Waterman,KEY_FWD,1819,1850,31,1.7,125,126,1,10.6074,1.6006,0.0997
afl-player-v1-8ee6489f823d1c7fc978,Jake Lever,KEY_DEF,545,577,32,5.87,351,337,-14,2.6296,0.3642,0.0438
afl-player-v1-aa4d5b1969d471186a49,Ed Langdon,GEN_DEF,548,580,32,5.84,348,334,-14,1.8379,0.1453,0.0306
afl-player-v1-fdbc309b0faa58c33480,Matthew Kennedy,MID,652,685,33,5.06,302,299,-3,6.3975,0.354,0.0999
afl-player-v1-bf0163a49d8fcea78d79,Jack Silvagni,KEY_DEF,644,677,33,5.12,303,301,-2,2.5625,0.3549,0.0427
afl-player-v1-fd3e3de35948b76d59d1,Adam Saad,GEN_DEF,639,672,33,5.16,307,302,-5,1.8403,0.1454,0.0307
afl-player-v1-677d6d582c6d7170a62f,Oliver Florent,GEN_DEF,869,903,34,3.91,249,246,-3,2.041,0.1613,0.034
afl-player-v1-e85a86a8692f0a831933,Alex Neal-Bullen,GEN_FWD,502,536,34,6.77,363,355,-8,4.571,0.6004,0.0762
afl-player-v1-e354e8f4a32723da0375,Rory Lobb,KEY_DEF,357,391,34,9.52,455,436,-19,0.8387,0.1162,0.014
afl-player-v1-9900e16ea0f47957de5c,Tom Atkins,MID,300,336,36,12.0,495,470,-25,5.6598,0.3132,0.0942
afl-player-v1-d151854cdb94fdf87f61,Jayden Laverde,KEY_DEF,492,528,36,7.32,367,358,-9,1.661,0.23,0.0276
afl-player-v1-28ebd34236fec439fb2f,Hugo Garcia,MID,2598,2635,37,1.42,68,68,0,1.4223,0.0787,0.0201
afl-player-v1-760c6daa6af814bcb24b,Joe Richards,GEN_FWD,822,860,38,4.62,258,255,-3,5.2144,0.6849,0.0728
afl-player-v1-97a49cb582ddb5aeaaa1,Shaun Mannagh,GEN_FWD,474,513,39,8.23,381,363,-18,4.9695,0.6527,0.0754
afl-player-v1-c70559b9eceef976b9ab,Patrick Voss,KEY_FWD,1817,1856,39,2.15,126,121,-5,1.9581,0.2955,0.0259
afl-player-v1-d4700d975a94bf33dfbb,Oliver Wines,MID,472,511,39,8.26,383,365,-18,6.3173,0.3496,0.1
afl-player-v1-77a1b0f46d9b5f8726c7,Sam Walsh,MID,2716,2756,40,1.47,63,63,0,18.6571,1.0324,0.0999
afl-player-v1-f7adb7c2cf1d0b3af926,Tim Kelly,MID,878,920,42,4.78,245,239,-6,8.2932,0.4589,0.1
afl-player-v1-c45c54f44f4a8a49409b,Wayne Milera,GEN_DEF,1798,1840,42,2.34,128,127,-1,16.1094,1.2732,0.0998
afl-player-v1-1d780d19cc3efbbf3552,Bradley Hill,GEN_FWD,774,816,42,5.43,271,262,-9,8.8494,1.1623,0.1
afl-player-v1-7378cac294e3a212a182,Zac Bailey,GEN_FWD,2621,2664,43,1.64,67,66,-1,20.8861,2.7431,0.1
afl-player-v1-8ac286831260b0b7d6fc,Mitchito Owens,KEY_FWD,2081,2126,45,2.16,100,92,-8,1.3209,0.1993,0.0211
afl-player-v1-5550d94242e784ca1c3d,Lawson Humphries,GEN_DEF,1809,1855,46,2.54,127,122,-5,2.0373,0.161,0.03
afl-player-v1-e4877d4c9ba3d6489a35,Jordan De Goey,GEN_FWD,1472,1518,46,3.12,163,162,-1,13.6158,1.7883,0.1
afl-player-v1-f3b426662b256de4c7a8,Caleb Daniel,GEN_DEF,1200,1246,46,3.83,199,195,-4,12.3941,0.9796,0.1
afl-player-v1-98002cba10c19c2ef4bf,Jayden Short,GEN_DEF,1558,1604,46,2.95,153,151,-2,14.8331,1.1723,0.1
afl-player-v1-ab1876e3a4f81af563e6,Ben Keays,GEN_FWD,365,412,47,12.88,450,419,-31,1.7168,0.2255,0.0286
afl-player-v1-e511a100c5f69febc62c,Hugh McCluggage,MID,1851,1899,48,2.59,123,117,-6,14.2542,0.7888,0.1
afl-player-v1-3187acc6533265eee936,Karl Amon,GEN_DEF,769,817,48,6.24,272,261,-11,10.0836,0.797,0.1
afl-player-v1-5ffdbf36d1697aac7ef8,Elliot Yeo,MID,534,582,48,8.99,356,333,-23,7.4669,0.4132,0.1
afl-player-v1-84472fabe62000830bfb,Jack Viney,MID,378,427,49,12.96,440,408,-32,7.9719,0.4411,0.1
afl-player-v1-e3408506362c67321cf8,Luke Ryan,GEN_DEF,1748,1799,51,2.92,132,130,-2,16.6466,1.3157,0.1
afl-player-v1-895ed18bb574e12877aa,Tom Papley,GEN_FWD,459,511,52,11.33,389,366,-23,1.9449,0.2554,0.0324
afl-player-v1-6d9e6e921c587840f700,Jarrod Witts,RUC,414,466,52,12.56,414,385,-29,8.958,0.8144,0.1
afl-player-v1-601df8b42b8a60750b20,Patrick Lipinski,GEN_FWD,556,610,54,9.71,343,321,-22,2.325,0.3054,0.0387
afl-player-v1-d26e334058cc256353fa,Toby Greene,GEN_FWD,809,864,55,6.8,261,252,-9,10.5415,1.3845,0.1
afl-player-v1-be6280152eab06a384a7,Callum Mills,GEN_DEF,1767,1823,56,3.17,130,129,-1,17.1676,1.3568,0.1
afl-player-v1-d67bc7b09cde11708fcd,Samuel Collins,KEY_DEF,932,988,56,6.01,232,225,-7,10.1885,1.4111,0.0999
afl-player-v1-f2cb672f595be33fd283,Tom Green,MID,4747,4804,57,1.2,17,16,-1,29.4663,1.6306,0.0989
afl-player-v1-e00ed08737cf8ea26baa,Nic Newman,GEN_DEF,888,945,57,6.42,242,232,-10,11.7334,0.9273,0.0998
afl-player-v1-2bfc39e2c55e976cdb57,Jack Crisp,MID,612,669,57,9.31,316,303,-13,8.8448,0.4894,0.1
afl-player-v1-0dbc2d44e3412f13c2b1,Rowan Marshall,RUC,851,909,58,6.82,254,242,-12,10.9993,1.0,0.1
afl-player-v1-331b344b0d63646c51eb,Aliir Aliir,KEY_DEF,998,1059,61,6.11,221,219,-2,11.0082,1.5246,0.1
afl-player-v1-6dc14b7a0d0df05565c8,Shai Bolton,GEN_FWD,2392,2454,62,2.59,80,75,-5,20.9139,2.7468,0.0999
afl-player-v1-a9a8e85ed38f1ce4e94f,John Noble,GEN_DEF,2583,2647,64,2.48,69,67,-2,23.5426,1.8607,0.0998
afl-player-v1-a79de63b596184ec6aa8,Max Hall,GEN_FWD,2138,2203,65,3.04,90,86,-4,14.2658,1.8737,0.0828
afl-player-v1-4bfcacf82a0d776c2ea4,James Sicily,GEN_DEF,1905,1971,66,3.46,116,113,-3,19.0921,1.5089,0.1
afl-player-v1-29620638cdab9bcb2a83,Joshua Kelly,MID,547,614,67,12.25,350,319,-31,10.7121,0.5928,0.1
afl-player-v1-c746361adb86ff960c48,Thomas Stewart,GEN_DEF,1038,1108,70,6.74,219,209,-10,14.3017,1.1303,0.1
afl-player-v1-e0ceb17af75166c18ba6,Darcy Parish,MID,1386,1456,70,5.05,177,171,-6,13.378,0.7403,0.1
afl-player-v1-ec36ae407a5d9b9384e1,Colby McKercher,MID,3674,3745,71,1.93,33,31,-2,0.838,0.0464,0.0129
afl-player-v1-70221165b1045d284cf1,Harris Andrews,KEY_DEF,1657,1730,73,4.41,140,134,-6,15.5416,2.1525,0.1
afl-player-v1-7330b581090f31547712,Scott Pendlebury,MID,562,636,74,13.17,340,311,-29,11.5453,0.6389,0.1
afl-player-v1-2f5bb7529c45ed8b1c79,Paul Curtis,GEN_FWD,1435,1512,77,5.37,170,163,-7,2.4901,0.327,0.041
afl-player-v1-e4ebf44ca266366dbc1c,Darcy Cameron,RUC,1482,1560,78,5.26,161,158,-3,16.5568,1.5053,0.0996
afl-player-v1-bfc840f8e0f59fc24641,Bailey Dale,GEN_DEF,1997,2080,83,4.16,109,98,-11,21.3266,1.6855,0.0999
afl-player-v1-ae2d3d03fdab9cf63599,Andrew Brayshaw,MID,2746,2830,84,3.06,62,61,-1,21.9561,1.215,0.1
afl-player-v1-e3e6c7a99658440d99ac,Rory Laird,GEN_DEF,939,1027,88,9.37,229,221,-8,16.5519,1.3082,0.1
afl-player-v1-58bbb663005700d953dd,Luke Parker,GEN_DEF,1373,1463,90,6.55,178,168,-10,18.5023,1.4623,0.1
afl-player-v1-8386ecd55aded8f8e1ab,Luke Davies-Uniacke,MID,3620,3712,92,2.54,36,34,-2,26.9667,1.4923,0.0998
afl-player-v1-f6b273b240ecc1e56ea8,Tom McCarthy,GEN_DEF,1545,1640,95,6.15,155,146,-9,15.0,1.1855,0.0648
afl-player-v1-8a3c5b55484488853e0b,Will Setterfield,MID,1530,1628,98,6.41,157,148,-9,16.9353,0.9372,0.0975
afl-player-v1-93e4a53a9859611bd616,Josh Dunkley,MID,1062,1165,103,9.7,216,205,-11,15.8991,0.8798,0.1
afl-player-v1-b9ea3f3086273085ef4e,Ed Richards,MID,3316,3423,107,3.23,49,40,-9,26.8565,1.4862,0.0999
afl-player-v1-3c4dfebabc0d54a341af,Patrick Cripps,MID,1349,1457,108,8.01,181,170,-11,17.2534,0.9548,0.1
afl-player-v1-57dca48502d181a8ae5e,Jack Steele,MID,1579,1689,110,6.97,151,135,-16,18.3212,1.0139,0.1
afl-player-v1-bae70ee809d6cfc18464,Peter Wright,KEY_FWD,1937,2048,111,5.73,114,104,-10,16.5411,2.496,0.0999
afl-player-v1-b1dc7c77c2ab6e66207d,Sam De Koning,KEY_DEF,1120,1234,114,10.18,205,197,-8,0.3007,0.0416,0.005
afl-player-v1-614cf30f246427aac1aa,Clayton Oliver,MID,2428,2543,115,4.74,75,70,-5,22.8414,1.264,0.1
afl-player-v1-be68446913746449d2a2,Toby Nankervis,RUC,1992,2110,118,5.92,110,95,-15,23.9583,2.1782,0.0999
afl-player-v1-c61603f67b0ce6706e05,Touk Miller,MID,1489,1608,119,7.99,159,150,-9,19.0338,1.0533,0.1
afl-player-v1-716f1eabdf51d799d667,Milan Murdock,GEN_FWD,796,918,122,15.33,265,240,-25,6.3,0.8274,0.023
afl-player-v1-54454854204fc68ab355,Tim Taranto,MID,2485,2611,126,5.07,71,69,-2,24.2191,1.3402,0.1
afl-player-v1-b8d47d2584af7bc76166,George Hewett,MID,1410,1537,127,9.01,172,160,-12,20.0555,1.1098,0.1
afl-player-v1-126dfd2722f326d411fd,Callum Wilkie,KEY_DEF,3593,3724,131,3.65,39,33,-6,31.2252,4.3247,0.0999
afl-player-v1-c653d76482fdb79e1ef0,Zak Butters,MID,6052,6185,133,2.2,8,8,0,40.7132,2.253,0.0999
afl-player-v1-eca8e041dc707b948831,Jack Gunston,KEY_FWD,1148,1284,136,11.85,204,187,-17,17.1818,2.5926,0.1
afl-player-v1-506436b19e84af368956,Jeremy Cameron,KEY_FWD,1454,1591,137,9.42,165,152,-13,17.4742,2.6368,0.1
afl-player-v1-98d4447a6c6e8af946e8,Lachie Whitfield,GEN_DEF,2137,2275,138,6.46,91,84,-7,28.5064,2.253,0.1
afl-player-v1-efc436310b95720f2faf,Jack Sinclair,GEN_DEF,3167,3307,140,4.42,53,50,-3,34.2377,2.706,0.1
afl-player-v1-729b0a603a18a0d56369,Bailey Smith,MID,5706,5847,141,2.47,10,9,-1,39.8366,2.2045,0.0998
afl-player-v1-fb186725cde9cc707a20,Christian Petracca,MID,2640,2784,144,5.45,65,62,-3,26.452,1.4638,0.1
afl-player-v1-492319f4c76dbc13ba1a,Dayne Zorko,GEN_DEF,1105,1249,144,13.03,207,193,-14,26.7994,2.1181,0.1
afl-player-v1-d16ccdb3fe877363eb06,Lachie Neale,MID,1886,2061,175,9.28,118,102,-16,27.1477,1.5023,0.1
afl-player-v1-cf9fc9a7e2cfd3156d25,Jordan Dawson,MID,3529,3705,176,4.99,41,35,-6,33.2355,1.8392,0.0999
afl-player-v1-4a82f8ccfdbd058d9358,Zachary Merrett,MID,2711,2893,182,6.71,64,59,-5,30.6301,1.695,0.1
afl-player-v1-f470c8be8364b306c0bc,Thomas Liberatore,MID,1943,2125,182,9.37,113,93,-20,28.2277,1.5621,0.1
afl-player-v1-3e63685925a5759a6950,Isaac Heeney,MID,3970,4188,218,5.49,27,22,-5,38.0839,2.1075,0.1
afl-player-v1-a0d344b6a9014eca92e7,Brodie Grundy,RUC,4568,4795,227,4.97,18,17,-1,46.4548,4.2234,0.1
afl-player-v1-52b76fe3c9cc2b8183b7,Marcus Bontempelli,MID,3625,3888,263,7.26,35,26,-9,41.9777,2.3229,0.1
afl-player-v1-ed822a4e2051b799eded,Max Gawn,RUC,3138,3414,276,8.8,54,41,-13,47.9124,4.356,0.1
