Player Name,AFFL Team,Position/s,AFL Club
Aaron Cadman,Richmond Tigers,"G-FWD,K-FWD",GWS
Aaron Naughton,Sydney Swans,"G-FWD,K-FWD",WB
Adam Cerra,Adelaide Crows,MID,CAR
Adam Saad,Geelong Cats,G-DEF,CAR
Adam Sweid,Sydney Swans,MID,FRE
Adam Treloar,West Coast Eagles,"MID,G-FWD",WB
Aidan Corr,Geelong Cats,"G-DEF,K-DEF",NM
Aidan Johnson,Free agents,"K-FWD,G-FWD",
Aidan Schubert,Fremantle Dockers,"RUCK,G-FWD,K-FWD",HAW
Aiden Riddle,Fremantle Dockers,RUCK,FRE
Alex Davies,Western Bulldogs,MID,GCS
Alex Dodson,Hawthorn Hawks,K-FWD,STK
Alex Neal-Bullen,West Coast Eagles,G-FWD,ADE
Alex Pearce,Geelong Cats,"G-DEF,K-DEF",FRE
Alex Van Wyk,Adelaide Crows,RUCK,PA
Aliir Aliir,North Melbourne Kangaroos,"G-DEF,K-DEF",PA
Alix Tauru,Western Bulldogs,"G-DEF,K-DEF,K-FWD,G-FWD",STK
Andrew Brayshaw,St Kilda Saints,MID,FRE
Andrew McGrath,Geelong Cats,G-DEF,ESS
Andy Moniz-Wakefield,West Coast Eagles,G-DEF,MEL
Angus Anderson,North Melbourne Kangaroos,MID,COL
Angus Clarke,Carlton Blues,"G-DEF,MID",ESS
Angus Hastie,Richmond Tigers,G-DEF,STK
Angus Sheldrick,Western Bulldogs,MID,SYD
Anthony Caminiti,Collingwood Magpies,"G-DEF,K-DEF,K-FWD,G-FWD",STK
Archer Day-Wicks,Adelaide Crows,"G-FWD,MID",ESS
Archer Reid,Melbourne Demons,"G-FWD,K-FWD",WCE
Archie Ludowyke,Fremantle Dockers,"G-FWD,K-FWD",ADE
Archie May,Western Bulldogs,K-FWD,ESS
Archie Perkins,Melbourne Demons,G-FWD,ESS
Archie Roberts,St Kilda Saints,G-DEF,ESS
Arthur Jones,Adelaide Crows,"MID,G-FWD",WB
Asher Eastham,Free agents,G-FWD,
Ashton Moir,St Kilda Saints,G-FWD,CAR
Avery Thomas,Melbourne Demons,G-DEF,GCS
Bailey Banfield,St Kilda Saints,G-DEF,FRE
Bailey Dale,Geelong Cats,G-DEF,WB
Bailey Humphrey,Western Bulldogs,"MID,G-FWD",GCS
Bailey J. Williams,Sydney Swans,"RUCK,G-FWD,K-FWD",WCE
Bailey Laurie,Free agents,G-FWD,
Bailey MacDonald,Western Bulldogs,G-DEF,HAW
Bailey Scott,Free agents,MID,
Bailey Smith,Geelong Cats,MID,GEE
Bailey Williams,Collingwood Magpies,"G-DEF,MID",WB
Balyn O'Brien,Free agents,G-DEF,
Bayley Fritsch,Geelong Cats,G-FWD,MEL
Beau Addinsall,Fremantle Dockers,MID,GCS
Beau McCreery,West Coast Eagles,G-FWD,COL
Ben Ainsworth,Brisbane Lions,G-FWD,CAR
Ben Camporeale,Fremantle Dockers,MID,CAR
Ben Jepson,Free agents,MID,
Ben Keays,Adelaide Crows,G-FWD,ADE
Ben King,Sydney Swans,"G-FWD,K-FWD",GCS
Ben Long,Richmond Tigers,G-FWD,GCS
Ben McKay,West Coast Eagles,"G-DEF,K-DEF",ESS
Ben Miller,Sydney Swans,"G-DEF,K-DEF",RIC
Ben Murphy,North Melbourne Kangaroos,G-DEF,BRI
Benny Barrett,Free agents,G-FWD,
Billy Cootee,Essendon Bombers,MID,SYD
Billy Dowling,Essendon Bombers,"MID,G-FWD",ADE
Billy Frampton,Brisbane Lions,"G-DEF,K-DEF",COL
Billy Wilson,Western Bulldogs,G-DEF,CAR
Blake Acres,Brisbane Lions,MID,CAR
Blake Hardwick,Port Adelaide Power,G-DEF,HAW
Blake Howes,Essendon Bombers,G-DEF,MEL
Blake Thredgold,Fremantle Dockers,"G-DEF,K-DEF",NM
Bo Allan,Melbourne Demons,"G-DEF,MID",WCE
Bobby Hill,West Coast Eagles,G-FWD,COL
Bodhi Uwland,Port Adelaide Power,G-DEF,GCS
Bodie Ryan,Collingwood Magpies,G-DEF,HAW
Bradley Close,Geelong Cats,G-FWD,GEE
Bradley Hill,Port Adelaide Power,"MID,G-FWD",STK
Brady Hough,Essendon Bombers,"G-DEF,MID",WCE
Braeden Campbell,Essendon Bombers,G-FWD,SYD
Brandon Starcevich,Melbourne Demons,G-DEF,WCE
Brandon Walker,Port Adelaide Power,G-DEF,FRE
Brandon Zerk-Thatcher,Free agents,"K-DEF,G-DEF",
Brayden Cook,North Melbourne Kangaroos,"MID,G-FWD",ADE
Brayden Fiorini,Brisbane Lions,MID,ESS
Brayden George,Richmond Tigers,G-FWD,NM
Brayden Maynard,North Melbourne Kangaroos,G-DEF,COL
Brennan Cox,Sydney Swans,"G-DEF,K-DEF",FRE
Brent Daniels,Essendon Bombers,"G-FWD,MID",GWS
Brodie Grundy,St Kilda Saints,RUCK,SYD
Brodie Kemp,Geelong Cats,"G-FWD,K-FWD",CAR
Brody Mihocek,Brisbane Lions,"G-FWD,K-FWD",MEL
Bruce Reville,North Melbourne Kangaroos,MID,BRI
Buku Khamis,Brisbane Lions,"G-DEF,G-FWD,K-FWD,K-DEF",WB
Caiden Cleary,Carlton Blues,G-FWD,SYD
Caleb Daniel,Port Adelaide Power,G-DEF,NM
Caleb Graham,Free agents,"K-DEF,G-DEF",
Caleb Lewis,Free agents,"K-FWD,G-FWD",
Caleb May,Melbourne Demons,RUCK,WB
Caleb Serong,Western Bulldogs,MID,FRE
Caleb Windsor,Western Bulldogs,"G-DEF,MID",MEL
Callum Ah Chee,Geelong Cats,G-FWD,ADE
Callum Coleman-Jones,Free agents,RUCK,
Callum M. Brown,St Kilda Saints,G-FWD,GWS
Callum Mills,Collingwood Magpies,G-DEF,SYD
Callum Wilkie,North Melbourne Kangaroos,"G-DEF,K-DEF",STK
Calsher Dear,Collingwood Magpies,"G-FWD,K-FWD",HAW
Cameron Mackenzie,Western Bulldogs,MID,HAW
Cameron Nairn,Hawthorn Hawks,"MID,G-FWD",HAW
Cameron Rayner,Geelong Cats,G-FWD,BRI
Cameron Zurhaar,Richmond Tigers,"G-FWD,G-DEF",NM
Campbell Chesser,Essendon Bombers,MID,CAR
Campbell Gray,Carlton Blues,"G-DEF,K-DEF,RUCK",RIC
Campbell Lake,Richmond Tigers,"G-FWD,MID",STK
Chad Warner,North Melbourne Kangaroos,"MID,G-FWD",SYD
Changkuoth Jiath,Western Bulldogs,G-DEF,MEL
Charlie Ballard,Carlton Blues,"G-DEF,K-DEF",GCS
Charlie Banfield,Melbourne Demons,"MID,G-FWD",STK
Charlie Cameron,Sydney Swans,G-FWD,BRI
Charlie Comben,St Kilda Saints,K-DEF,NM
Charlie Curnow,Adelaide Crows,"G-FWD,K-FWD",SYD
Charlie Edwards,Hawthorn Hawks,"G-DEF,MID",ADE
Charlie Nicholls,Hawthorn Hawks,"G-FWD,K-FWD",FRE
Charlie Spargo,Port Adelaide Power,G-FWD,NM
Charlie West,Western Bulldogs,"G-FWD,K-FWD",COL
Chayce Jones,Free agents,"G-DEF,MID",
Chris Scerri,Richmond Tigers,"G-FWD,MID",FRE
Christian Moraes,Richmond Tigers,"MID,G-FWD",PA
Christian Petracca,West Coast Eagles,"MID,G-FWD",GCS
Christian Salem,Port Adelaide Power,G-DEF,MEL
Cillian Bourke,Free agents,G-DEF,
Cillian Burke,Port Adelaide Power,G-DEF,GEE
Clay Hall,Collingwood Magpies,MID,WCE
Clayton Oliver,North Melbourne Kangaroos,MID,GWS
Cody Anderson,Free agents,G-FWD,
Cody Angove,Hawthorn Hawks,G-FWD,GWS
Cody Curtin,St Kilda Saints,"G-FWD,K-FWD",BRI
Cody Weightman,Collingwood Magpies,G-FWD,WB
Colby McKercher,Richmond Tigers,"G-DEF,G-FWD",NM
Connor Budarick,Brisbane Lions,"G-FWD,G-DEF",WB
Connor Idun,North Melbourne Kangaroos,G-DEF,GWS
Connor MacDonald,Richmond Tigers,G-FWD,HAW
Connor O'Sullivan,Western Bulldogs,"G-DEF,K-DEF",GEE
Connor Rozee,Adelaide Crows,"G-DEF,MID",PA
Conor McKenna,St Kilda Saints,G-FWD,BRI
Conor Nash,Sydney Swans,MID,HAW
Conor Stone,Brisbane Lions,G-DEF,GWS
Cooper Bell,Free agents,"K-FWD,K-DEF,G-FWD,G-DEF",
Cooper Duff-Tytler,Fremantle Dockers,"RUCK,G-FWD,K-FWD",WCE
Cooper Harvey,Richmond Tigers,G-FWD,NM
Cooper Hynes,Fremantle Dockers,G-FWD,WB
Cooper Lord,Western Bulldogs,MID,CAR
Cooper Sharman,Adelaide Crows,"G-FWD,K-FWD",STK
Cooper Simpson,Richmond Tigers,G-DEF,FRE
Cooper Trembath,Richmond Tigers,"G-FWD,K-FWD",NM
Corey Durdin,Port Adelaide Power,G-FWD,PA
Corey Wagner,Sydney Swans,"MID,G-DEF",FRE
Corey Warner,Melbourne Demons,"MID,G-FWD",SYD
Dan Houston,St Kilda Saints,G-DEF,COL
Dane Rampe,Brisbane Lions,G-DEF,SYD
Daniel Annable,Fremantle Dockers,MID,BRI
Daniel Butler,Free agents,G-FWD,
Daniel Curtin,Melbourne Demons,MID,ADE
Daniel McStay,Brisbane Lions,"G-FWD,K-FWD",COL
Daniel Rioli,Collingwood Magpies,G-DEF,GCS
Daniel Turner,West Coast Eagles,"G-DEF,K-DEF",MEL
Dante Visentini,Adelaide Crows,"RUCK,G-FWD,K-FWD",PA
Darcy Byrne-Jones,Port Adelaide Power,"G-FWD,G-DEF",PA
Darcy Cameron,West Coast Eagles,RUCK,COL
Darcy Fogarty,Port Adelaide Power,"G-FWD,K-FWD",ADE
Darcy Fort,Collingwood Magpies,RUCK,BRI
Darcy Gardiner,Geelong Cats,"G-DEF,K-FWD",BRI
Darcy Jones,Essendon Bombers,G-FWD,GWS
Darcy Moore,Essendon Bombers,"G-DEF,K-DEF",COL
Darcy Parish,Collingwood Magpies,MID,ESS
Darcy Wilmot,Hawthorn Hawks,G-DEF,BRI
Darcy Wilson,Western Bulldogs,"MID,G-FWD",STK
Darragh Joyce,Free agents,"K-DEF,G-DEF",
Dayne Zorko,Port Adelaide Power,G-DEF,BRI
Deven Robertson,Melbourne Demons,"G-FWD,MID",WCE
Dion Prestia,Sydney Swans,"MID,G-FWD",RIC
Dougal Howard,Port Adelaide Power,"G-DEF,K-DEF",STK
Dylan Moore,Hawthorn Hawks,G-FWD,HAW
Dylan Patterson,Melbourne Demons,G-DEF,GCS
Dylan Stephens,Essendon Bombers,MID,NM
Dyson Sharp,Fremantle Dockers,MID,ESS
Eamonn Armstrong,Hawthorn Hawks,G-DEF,STK
Ed Langdon,Sydney Swans,"MID,G-FWD,G-DEF",MEL
Ed Richards,St Kilda Saints,MID,WB
Edward Allan,Richmond Tigers,MID,COL
Elijah Hewett,Melbourne Demons,MID,WCE
Elijah Hollands,Essendon Bombers,"G-FWD,MID",CAR
Elijah Tsatas,Melbourne Demons,MID,ESS
Elliot Yeo,North Melbourne Kangaroos,"MID,G-FWD",WCE
Elliott Himmelberg,Free agents,"K-FWD,G-FWD",
Eric Hipwood,Brisbane Lions,"G-FWD,K-FWD",BRI
Errol Gulden,Carlton Blues,MID,SYD
Esava Ratugolea,Adelaide Crows,"G-DEF,K-DEF",PA
Ethan Read,St Kilda Saints,"G-FWD,K-FWD",GCS
Ewan Mackinlay,Richmond Tigers,"MID,G-FWD",PA
Finlay Macrae,Geelong Cats,"G-FWD,MID",WCE
Finn Callaghan,Melbourne Demons,MID,GWS
Finn Maginness,Free agents,G-FWD,
Finn O'Sullivan,Collingwood Magpies,"G-DEF,MID",NM
Finnbar Maley,Geelong Cats,K-FWD,ADE
Finnegan Davis,Carlton Blues,G-DEF,GWS
Flynn Perez,Brisbane Lions,"MID,G-DEF",HAW
Flynn Riley,Adelaide Crows,RUCK,CAR
Flynn Young,Free agents,G-FWD,CAR
Francis Evans,St Kilda Saints,G-FWD,CAR
Fred Rodriguez,Carlton Blues,G-FWD,WCE
George Hewett,Port Adelaide Power,MID,CAR
George Stevens,St Kilda Saints,MID,GEE
George Wardlaw,Richmond Tigers,MID,NM
Griffin Logue,Richmond Tigers,"G-DEF,K-DEF",NM
Gryan Miers,Brisbane Lions,G-FWD,GEE
Hamish Davis,Collingwood Magpies,MID,WCE
Harley Barker,Fremantle Dockers,MID,GEE
Harley Reid,Melbourne Demons,MID,WCE
Harris Andrews,Collingwood Magpies,"G-DEF,K-DEF",BRI
Harrison Coe,Port Adelaide Power,RUCK,COL
Harrison Himmelberg,Sydney Swans,G-DEF,GWS
Harrison Jones,Free agents,"K-FWD,G-FWD",
Harrison Oliver,Hawthorn Hawks,G-DEF,GWS
Harrison Petty,Geelong Cats,"G-FWD,K-FWD,G-DEF,K-DEF",MEL
Harrison Ramm,Adelaide Crows,"G-DEF,K-DEF",PA
Harry Armstrong,Hawthorn Hawks,"G-FWD,K-FWD",RIC
Harry Barnett,Free agents,RUCK,
Harry Charleson,North Melbourne Kangaroos,"G-DEF,MID",CAR
Harry Cunningham,Free agents,G-DEF,
Harry Dean,Hawthorn Hawks,"G-DEF,K-DEF",CAR
Harry Demattia,Carlton Blues,MID,COL
Harry Edwards,St Kilda Saints,"G-DEF,K-DEF",WCE
Harry Kyle,Fremantle Dockers,"G-DEF,MID",SYD
Harry McKay,St Kilda Saints,"G-FWD,K-FWD",CAR
Harry Morrison,St Kilda Saints,MID,HAW
Harry O'Farrell,Sydney Swans,"G-DEF,K-DEF",CAR
Harry Perryman,Brisbane Lions,G-DEF,COL
Harry Rowston,Carlton Blues,MID,GWS
Harry Schoenberg,Adelaide Crows,"MID,G-FWD",WCE
Harry Sharp,Brisbane Lions,G-FWD,MEL
Harry Sheezel,Carlton Blues,"MID,G-FWD",NM
Harvey Gallagher,Richmond Tigers,G-DEF,WB
Harvey Harrison,West Coast Eagles,G-FWD,COL
Harvey Johnston,Melbourne Demons,G-DEF,WCE
Harvey Langford,Fremantle Dockers,MID,MEL
Harvey Thomas,Brisbane Lions,"G-FWD,MID",GWS
Hayden Mclean,Richmond Tigers,"G-FWD,K-FWD",SYD
Hayden Young,Essendon Bombers,MID,FRE
Heath Chapman,Sydney Swans,G-DEF,FRE
Henry Hustwaite,Richmond Tigers,MID,HAW
Henry Smith,Hawthorn Hawks,"G-FWD,K-FWD",BRI
Hudson O'Keeffe,Western Bulldogs,"K-FWD,RUCK",CAR
Hugh Bond,Fremantle Dockers,G-DEF,ADE
Hugh Boxshall,Melbourne Demons,MID,STK
Hugh Davies,Hawthorn Hawks,"G-DEF,K-DEF",FRE
Hugh McCluggage,Western Bulldogs,MID,BRI
Hugo Garcia,West Coast Eagles,MID,STK
Hugo Hall-Kahan,Collingwood Magpies,"G-DEF,MID",ADE
Hugo Mikunda,Richmond Tigers,"MID,G-FWD",NM
Hugo Ralphsmith,Port Adelaide Power,MID,RIC
Hunter Clark,Hawthorn Hawks,MID,STK
Hunter Holmes,Fremantle Dockers,MID,GEE
Hussien El Achkar,Western Bulldogs,G-FWD,ESS
Iliro Smit,Carlton Blues,RUC,COL
Indy Cotton,Hawthorn Hawks,G-FWD,ADE
Isaac Cumming,North Melbourne Kangaroos,MID,ADE
Isaac Heeney,West Coast Eagles,MID,SYD
Isaac Kako,Western Bulldogs,G-FWD,ESS
Isaac Keeler,Hawthorn Hawks,"G-FWD,K-FWD",STK
Isaac Quaynor,Brisbane Lions,G-DEF,COL
Isaiah Dudley,Carlton Blues,G-FWD,FRE
Izak Rankine,Geelong Cats,"MID,G-FWD",ADE
Jack Bowes,Brisbane Lions,MID,GEE
Jack Buckley,Collingwood Magpies,"G-DEF,K-DEF",GWS
Jack Buller,Fremantle Dockers,"G-FWD,K-FWD",COL
Jack Carroll,Adelaide Crows,"MID,G-DEF",STK
Jack Crisp,North Melbourne Kangaroos,MID,COL
Jack Dalton,Fremantle Dockers,MID,HAW
Jack Darling,North Melbourne Kangaroos,"G-FWD,K-FWD",NM
Jack Ginnivan,North Melbourne Kangaroos,G-FWD,HAW
Jack Graham,Port Adelaide Power,"MID,G-FWD",WCE
Jack Gunston,St Kilda Saints,"G-FWD,K-FWD",HAW
Jack Henderson,Free agents,G-FWD,
Jack Henry,Geelong Cats,"G-DEF,K-DEF",GEE
Jack Higgins,Geelong Cats,G-FWD,STK
Jack Hutchinson,Melbourne Demons,MID,WCE
Jack Ison,Fremantle Dockers,MID,CAR
Jack Lukosius,Essendon Bombers,"G-FWD,K-FWD",PA
Jack Martin,Brisbane Lions,G-FWD,GEE
Jack Ough,Western Bulldogs,MID,GWS
Jack Payne,Brisbane Lions,"G-DEF,K-DEF",BRI
Jack Ross,Collingwood Magpies,"MID,G-FWD",RIC
Jack Scrimshaw,Essendon Bombers,G-DEF,HAW
Jack Silvagni,Collingwood Magpies,"G-DEF,K-DEF",STK
Jack Sinclair,Port Adelaide Power,G-DEF,STK
Jack Steele,Port Adelaide Power,MID,MEL
Jack Viney,North Melbourne Kangaroos,MID,MEL
Jack Watkins,Adelaide Crows,"MID,G-FWD",PA
Jack Whitlock,Fremantle Dockers,"G-FWD,K-FWD",PA
Jack Williams,Melbourne Demons,"G-FWD,K-FWD",WCE
Jackson Archer,Free agents,G-DEF,
Jackson Macrae,St Kilda Saints,MID,STK
Jackson Mead,North Melbourne Kangaroos,MID,PA
Jacob Farrow,Fremantle Dockers,"G-DEF,MID",ESS
Jacob Hopper,Sydney Swans,MID,RIC
Jacob Konstanty,Collingwood Magpies,G-FWD,NM
Jacob Molier,St Kilda Saints,RUCK,GEE
Jacob Moss,Fremantle Dockers,"G-DEF,K-DEF",PA
Jacob Newton,Melbourne Demons,G-FWD,WCE
Jacob van Rooyen,Essendon Bombers,"G-FWD,K-FWD",MEL
Jacob Wehr,Geelong Cats,"G-DEF,MID",PA
Jacob Weitering,St Kilda Saints,"G-DEF,K-DEF",CAR
Jade Gresham,Geelong Cats,G-FWD,ESS
Jaeger O'Meara,Brisbane Lions,MID,FRE
Jagga Smith,Fremantle Dockers,"MID,G-FWD",CAR
Jai Culley,Western Bulldogs,MID,MEL
Jai Murray,Fremantle Dockers,MID,GCS
Jai Newcombe,West Coast Eagles,MID,HAW
Jai Saxena,West Coast Eagles,G-FWD,COL
Jai Serong,North Melbourne Kangaroos,"G-DEF,K-DEF",SYD
Jaime Uhr-Henry,Free agents,RUCK,
Jake Bowey,West Coast Eagles,G-DEF,MEL
Jake Kolodjashnij,Port Adelaide Power,"G-DEF,K-DEF",GEE
Jake Lever,Collingwood Magpies,G-DEF,MEL
Jake Lloyd,Geelong Cats,"MID,G-FWD",SYD
Jake Melksham,Free agents,"K-FWD,G-FWD",
Jake Riccardi,Port Adelaide Power,"RUCK,G-FWD,K-FWD",GWS
Jake Rogers,Melbourne Demons,G-FWD,GCS
Jake Soligo,Carlton Blues,"MID,G-FWD",ADE
Jake Stringer,Brisbane Lions,G-FWD,GWS
Jake Waterman,West Coast Eagles,"G-FWD,K-FWD",WCE
Jakob Ryan,West Coast Eagles,G-DEF,COL
Jamarra Ugle-Hagan,Brisbane Lions,"G-FWD,K-FWD",GCS
James Barrat,North Melbourne Kangaroos,"G-DEF,G-FWD,K-FWD,K-DEF",STK
James Blanck,Free agents,"K-DEF,G-DEF",
James Borlase,Fremantle Dockers,"G-DEF,K-DEF",ADE
James Jordon,Adelaide Crows,"MID,G-FWD",SYD
James Leake,Hawthorn Hawks,"G-DEF,G-FWD",GWS
James O'Donnell,Richmond Tigers,"G-DEF,K-DEF",WB
James Peatling,Collingwood Magpies,MID,ADE
James Rowbottom,Sydney Swans,MID,SYD
James Sicily,Geelong Cats,G-DEF,HAW
James Trezise,Western Bulldogs,"G-DEF,MID",RIC
James Tunstill,Free agents,MID,
James Worpel,Port Adelaide Power,MID,GEE
Jamie Cripps,Free agents,G-FWD,
Jamie Elliott,Brisbane Lions,G-FWD,COL
Jaren Carr,Port Adelaide Power,G-FWD,FRE
Jarman Impey,Collingwood Magpies,G-DEF,HAW
Jarrod Berry,Sydney Swans,MID,BRI
Jarrod Witts,Port Adelaide Power,RUCK,GCS
Jase Burgoyne,Essendon Bombers,"G-DEF,MID",PA
Jason Horne-Francis,Geelong Cats,"MID,G-FWD",PA
Jaspa Fletcher,Adelaide Crows,G-DEF,BRI
Jasper Alger,Carlton Blues,G-FWD,RIC
Jaxon Artemis,Hawthorn Hawks,G-DEF,ESS
Jaxon Prior,Fremantle Dockers,G-DEF,ESS
Jay Polkinghorne,Fremantle Dockers,"G-FWD,K-FWD",GEE
Jayden Laverde,West Coast Eagles,"G-DEF,K-DEF",GWS
Jayden Nguyen,Free agents,G-DEF,
Jayden Short,Port Adelaide Power,G-DEF,RIC
Jed Adams,Melbourne Demons,"G-DEF,K-DEF",MEL
Jed Bews,Free agents,G-DEF,
Jed Walter,Melbourne Demons,"G-FWD,K-FWD",GCS
Jedd Busslinger,Essendon Bombers,"G-DEF,K-DEF",WB
Jeremy Cameron,North Melbourne Kangaroos,"G-FWD,K-FWD",GEE
Jeremy Howe,Port Adelaide Power,G-DEF,COL
Jeremy Sharp,Collingwood Magpies,MID,FRE
Jesse Dattoli,Collingwood Magpies,G-FWD,SYD
Jesse Hogan,Port Adelaide Power,"G-FWD,K-FWD",GWS
Jesse Mellor,Geelong Cats,G-FWD,GEE
Jesse Motlop,Adelaide Crows,G-FWD,CAR
Jevan Phillipou,Fremantle Dockers,MID,SYD
Jhye Clark,Geelong Cats,"MID,G-FWD",GEE
Jobe Shanahan,Western Bulldogs,"G-FWD,K-FWD",WCE
Joe Berry,Adelaide Crows,G-FWD,PA
Joe Pike,North Melbourne Kangaroos,RUCK,GEE
Joe Richards,Adelaide Crows,G-FWD,PA
Joel Amartey,Collingwood Magpies,"G-FWD,K-FWD",SYD
Joel Cochran,Hawthorn Hawks,G-DEF,COL
Joel Fitzgerald,Sydney Swans,MID,MEL
Joel Freijah,Western Bulldogs,"MID,G-FWD",WB
Joel Hamling,Free agents,"K-DEF,G-DEF",
Joel Jeffrey,North Melbourne Kangaroos,G-DEF,GCS
John Noble,Sydney Swans,G-DEF,GCS
Jonty Faull,Carlton Blues,"G-FWD,K-FWD",RIC
Jordan Boyd,Free agents,G-DEF,
Jordan Clark,West Coast Eagles,G-DEF,FRE
Jordan Croft,Hawthorn Hawks,"G-FWD,K-FWD",WB
Jordan Dawson,West Coast Eagles,MID,ADE
Jordan de Goey,North Melbourne Kangaroos,"MID,G-FWD",COL
Jordan Ridley,Adelaide Crows,G-DEF,ESS
Jordon Butts,Fremantle Dockers,"G-DEF,K-DEF",ADE
Jordon Sweet,St Kilda Saints,RUCK,PA
Josaia Delana,St Kilda Saints,G-FWD,GWS
Joseph Fonti,St Kilda Saints,G-DEF,GWS
Josh Battle,West Coast Eagles,"G-DEF,K-DEF",HAW
Josh Daicos,Brisbane Lions,G-DEF,COL
Josh Dolan,Hawthorn Hawks,G-FWD,WB
Josh Draper,Essendon Bombers,"G-DEF,K-DEF",FRE
Josh Dunkley,Geelong Cats,MID,BRI
Josh Gibcus,Carlton Blues,"G-DEF,K-DEF",RIC
Josh Goater,Hawthorn Hawks,G-DEF,NM
Josh Lai,Fremantle Dockers,"MID,G-DEF",PA
Josh Lindsay,St Kilda Saints,G-DEF,WCE
Josh Rachele,Fremantle Dockers,"G-FWD,MID",ADE
Josh Sinn,Essendon Bombers,G-DEF,PA
Josh Smillie,Carlton Blues,MID,RIC
Josh Treacy,West Coast Eagles,"G-FWD,K-FWD",FRE
Josh Ward,Essendon Bombers,MID,HAW
Josh Worrell,West Coast Eagles,G-DEF,ADE
Joshua Kelly,Adelaide Crows,MID,GWS
Joshua Weddle,Richmond Tigers,"G-DEF,MID",HAW
Judd McVee,Richmond Tigers,G-DEF,FRE
Judson Clarke,Collingwood Magpies,G-FWD,RIC
Justin McInerney,Carlton Blues,"MID,G-FWD",SYD
Jy Farrar,Free agents,"K-FWD,G-FWD",
Jy Simpkin,Collingwood Magpies,"MID,G-FWD",NM
Jye Amiss,Collingwood Magpies,"G-FWD,K-FWD",FRE
Jye Caldwell,Brisbane Lions,MID,ESS
Kade Chandler,Western Bulldogs,G-FWD,MEL
Kai Lohmann,Collingwood Magpies,G-FWD,BRI
Kalani White,Essendon Bombers,"RUCK,G-FWD,K-FWD",MEL
Kaleb Smith,Free agents,G-DEF,
Kane Farrell,Essendon Bombers,G-DEF,PA
Kane McAuliffe,Carlton Blues,MID,RIC
Karl Amon,St Kilda Saints,G-DEF,HAW
Karl Worner,North Melbourne Kangaroos,G-DEF,FRE
Kayle Gerreyn,Fremantle Dockers,RUCK,ESS
Keidean Coleman,Melbourne Demons,G-DEF,BRI
Keighton Matofai-Forbes,Free agents,"G-FWD,G-DEF",
Kieren Briggs,Adelaide Crows,RUCK,GWS
Kobe McDonald,Hawthorn Hawks,G-DEF,STK
Koby Coulson,Carlton Blues,MID,GCS
Koby Evans,Free agents,MID,BRI
Koltyn Tholstrup,Collingwood Magpies,"G-FWD,G-DEF",MEL
Kye Annand,Carlton Blues,"K-DEF,G-DEF",RIC
Kye Fincher,Hawthorn Hawks,"G-DEF,MID",STK
Kyle Langford,St Kilda Saints,"G-FWD,K-FWD,MID",ESS
Kysaiah Pickett,Richmond Tigers,"MID,G-FWD",MEL
Lachie Jaques,Melbourne Demons,G-DEF,
Lachie Neale,Sydney Swans,MID,BRI
Lachie Sullivan,Free agents,G-FWD,
Lachie Whitfield,North Melbourne Kangaroos,G-DEF,GWS
Lachlan Ash,Melbourne Demons,G-DEF,GWS
Lachlan Blakiston,West Coast Eagles,"G-DEF,K-DEF,RUCK",ESS
Lachlan Bramble,Collingwood Magpies,"G-DEF,G-FWD",WB
Lachlan Carmichael,Hawthorn Hawks,"G-DEF,MID",WB
Lachlan Cowan,Essendon Bombers,G-DEF,CAR
Lachlan Fogarty,Free agents,G-FWD,
Lachlan Gulbin,Sydney Swans,G-FWD,GCS
Lachlan Jones,Adelaide Crows,G-DEF,PA
Lachlan McAndrew,Brisbane Lions,RUCK,ADE
Lachlan McNeil,Free agents,G-FWD,
Lachlan Schultz,Adelaide Crows,G-FWD,COL
Lachlan Sholl,Free agents,MID,
Lachlan Smith,Collingwood Magpies,RUCK,WB
Lachlan Weller,Brisbane Lions,MID,GCS
Lachy Dovaston,Fremantle Dockers,G-FWD,NM
Laitham Vandermeer,Free agents,G-FWD,
Lance Collard,Hawthorn Hawks,G-FWD,STK
Latrelle Pickett,Collingwood Magpies,G-FWD,MEL
Lawson Humphries,Geelong Cats,G-DEF,GEE
Leek Aleer,Port Adelaide Power,"G-DEF,K-DEF",GWS
Lennox Hoffman,St Kilda Saints,G-DEF,GEE
Leo Lombard,Fremantle Dockers,G-FWD,GCS
Leon Kickett,Free agents,G-FWD,
Levi Ashcroft,Essendon Bombers,MID,BRI
Lewis Hayes,Western Bulldogs,G-DEF,ESS
Lewis Melican,Brisbane Lions,"G-DEF,K-DEF",SYD
Lewis Young,Carlton Blues,"G-DEF,K-FWD,K-DEF",CAR
Liam Baker,Carlton Blues,G-DEF,WCE
Liam Duggan,Adelaide Crows,G-DEF,WCE
Liam Fawcett,Carlton Blues,"G-FWD,K-FWD",RIC
Liam Henry,Essendon Bombers,G-FWD,STK
Liam Hetherton,St Kilda Saints,"G-FWD,K-FWD",SYD
Liam McMahon,Free agents,"K-FWD,G-FWD",
Liam O'Connell,West Coast Eagles,G-DEF,STK
Liam Puncher,North Melbourne Kangaroos,K-DEF,COL
Liam Reidy,Western Bulldogs,"RUCK,G-FWD,K-FWD",CAR
Liam Ryan,Melbourne Demons,G-FWD,STK
Liam Stocker,Free Agents,G-DEF,STK
Lincoln McCarthy,Essendon Bombers,"G-FWD,G-DEF",BRI
Lloyd Meek,Carlton Blues,RUCK,HAW
Logan Evans,Sydney Swans,G-DEF,PA
Logan McDonald,Essendon Bombers,"G-FWD,K-FWD",SYD
Logan Morris,Sydney Swans,"G-FWD,K-FWD",BRI
Logan Smith,Fremantle Dockers,RUCK,GWS
Louis Emmett,Adelaide Crows,RUCK,WB
Lucas Camporeale,Fremantle Dockers,MID,CAR
Lucca Grego,Melbourne Demons,G-DEF,WCE
Lukas Cooke,Adelaide Crows,G-DEF,MEL
Luke Beecken,Port Adelaide Power,MID,BRI
Luke Cleary,Sydney Swans,G-DEF,WB
Luke Davies-Uniacke,Richmond Tigers,MID,NM
Luke Jackson,St Kilda Saints,RUCK,FRE
Luke Kennedy,North Melbourne Kangaroos,MID,WB
Luke Lloyd,Free agents,"K-FWD,G-FWD",
Luke McDonald,Geelong Cats,G-DEF,NM
Luke Nankervis,Western Bulldogs,MID,ADE
Luke Parker,North Melbourne Kangaroos,"MID,G-DEF",NM
Luke Pedlar,Essendon Bombers,G-FWD,ADE
Luke Ryan,West Coast Eagles,G-DEF,FRE
Luke Trainor,Carlton Blues,G-DEF,RIC
Luke Urquhart,Melbourne Demons,MID,NM
Luker Kentfield,Carlton Blues,"G-FWD,K-FWD",MEL
Mabior Chol,Collingwood Magpies,"G-FWD,K-FWD",HAW
Mac Andrew,Western Bulldogs,"G-DEF,K-DEF",GCS
Malakai Champion,Melbourne Demons,G-FWD,WCE
Malcolm Rosas,Melbourne Demons,G-FWD,SYD
Mani Liddy,North Melbourne Kangaroos,MID,PA
Marc Pittonet,Sydney Swans,RUCK,CAR
Marcus Bontempelli,West Coast Eagles,MID,WB
Marcus Herbert,Essendon Bombers,MID,WCE
Marcus Windhager,Western Bulldogs,"MID,G-DEF",STK
Mark Blicavs,Geelong Cats,"RUCK,MID",GEE
Mark Keane,Adelaide Crows,"G-DEF,K-DEF",ADE
Mark O'Connor,Brisbane Lions,"G-DEF,MID",GEE
Mason Cox,Geelong Cats,"RUCK,G-FWD,K-FWD",FRE
Mason Redman,Collingwood Magpies,G-DEF,ESS
Mason Wood,Port Adelaide Power,"MID,G-FWD",STK
Massimo D'Ambrosio,Geelong Cats,MID,HAW
Matt Carroll,Western Bulldogs,"G-DEF,MID",CAR
Matt Cottrell,Adelaide Crows,"MID,G-FWD",CAR
Matt Duffy,North Melbourne Kangaroos,"G-DEF,K-DEF",CAR
Matt Guelfi,Free agents,G-FWD,
Matt Hill,Free agents,G-DEF,
Matt Johnson,Carlton Blues,MID,FRE
Matt Owies,Free agents,G-FWD,
Matt Rowell,Collingwood Magpies,MID,GCS
Matt Whitlock,Adelaide Crows,"G-DEF,G-FWD,K-DEF",NM
Mattaes Phillipou,Brisbane Lions,"G-FWD,MID",STK
Matthew Flynn,Sydney Swans,RUCK,WCE
Matthew Jefferson,Carlton Blues,"G-FWD,K-FWD",MEL
Matthew Kennedy,St Kilda Saints,MID,WB
Matthew LeRay,Hawthorn Hawks,MID,HAW
Matthew Roberts,Carlton Blues,"G-DEF,MID",SYD
Maurice Rioli,Sydney Swans,G-FWD,RIC
Max Beattie,Carlton Blues,"MID,G-FWD",HAW
Max Gawn,North Melbourne Kangaroos,RUCK,MEL
Max Gruzewski,Essendon Bombers,"G-FWD,K-FWD",GWS
Max Hall,Western Bulldogs,"G-FWD,MID",STK
Max Heath,Sydney Swans,"RUCK,G-FWD,K-FWD",MEL
Max Holmes,Geelong Cats,MID,GEE
Max King,Hawthorn Hawks,"K-FWD,G-FWD",STK
Max Knobel,Fremantle Dockers,RUCK,GCS
Max Kondogiannis,Hawthorn Hawks,G-DEF,ESS
Max Mapley,Sydney Swans,RUCK,MEL
Max Michalanney,Carlton Blues,G-DEF,ADE
Max Ramsden,Hawthorn Hawks,"G-FWD,K-FWD",HAW
Maxwell King,Richmond Tigers,"G-FWD,K-FWD",SYD
Michael Frederick,Port Adelaide Power,"G-FWD,MID",FRE
Michael Sellwood,Brisbane Lions,G-DEF,WB
Milan Murdock,Richmond Tigers,"MID,G-FWD",WCE
Miles Bergman,Brisbane Lions,G-DEF,PA
Mitch Georgiades,North Melbourne Kangaroos,"G-FWD,K-FWD",PA
Mitch McGovern,Geelong Cats,"G-DEF,G-FWD",CAR
Mitch Podhajski,Hawthorn Hawks,"G-FWD,K-FWD",COL
Mitch Zadow,Port Adelaide Power,G-FWD,PA
Mitchell Edwards,Western Bulldogs,RUC,GEE
Mitchell Hinge,Collingwood Magpies,G-DEF,ADE
Mitchell Knevitt,Richmond Tigers,MID,GEE
Mitchell Lewis,North Melbourne Kangaroos,"G-FWD,K-FWD",HAW
Mitchell Marsh,Hawthorn Hawks,"G-FWD,K-FWD",ADE
Mitchito Owens,Western Bulldogs,K-FWD,STK
Murphy Reid,Fremantle Dockers,G-FWD,FRE
Mykelti Lefau,Carlton Blues,"G-FWD,K-FWD",RIC
Nasiah Wanganeen-Milera,Brisbane Lions,"G-DEF,MID",STK
Nate Caddy,Essendon Bombers,"G-FWD,K-FWD",ESS
Nathan Broad,Richmond Tigers,G-DEF,RIC
Nathan O'Driscoll,Essendon Bombers,MID,FRE
Nathan Wardius,Western Bulldogs,G-FWD,GWS
Ned Bowman,Free agents,G-FWD,
Ned Long,Brisbane Lions,"MID,G-FWD",COL
Ned Moyle,St Kilda Saints,RUCK,GCS
Ned Reeves,Richmond Tigers,RUCK,HAW
Neil Erasmus,Essendon Bombers,MID,FRE
Nic Newman,West Coast Eagles,G-DEF,CAR
Nicholas Coffield,West Coast Eagles,G-DEF,WB
Nicholas Holman,Free agents,G-FWD,
Nicholas Martin,Melbourne Demons,"MID,G-FWD",ESS
Nick Blakey,Collingwood Magpies,G-DEF,SYD
Nick Bryan,Western Bulldogs,RUCK,ESS
Nick Daicos,North Melbourne Kangaroos,MID,COL
Nick Driscoll,Port Adelaide Power,G-FWD,GEE
Nick Haynes,West Coast Eagles,G-DEF,CAR
Nick Larkey,Brisbane Lions,"G-FWD,K-FWD",NM
Nick Madden,Hawthorn Hawks,RUCK,GWS
Nick Murray,Fremantle Dockers,"G-DEF,K-DEF",ADE
Nick Vlastuin,St Kilda Saints,G-DEF,RIC
Nick Watson,West Coast Eagles,G-FWD,HAW
Nikolas Cox,Essendon Bombers,MID,ESS
Noah Anderson,Richmond Tigers,MID,GCS
Noah Answerth,St Kilda Saints,G-DEF,BRI
Noah Balta,Adelaide Crows,"G-DEF,G-FWD,K-FWD,K-DEF",RIC
Noah Chamberlain,St Kilda Saints,"G-FWD,K-FWD",SYD
Noah Howes,Essendon Bombers,"G-FWD,K-FWD",COL
Noah Long,Free agents,G-FWD,
Noah Mraz,Melbourne Demons,"G-DEF,K-DEF",HAW
Noah Roberts-Thomson,Carlton Blues,MID,RIC
Oisin Mullin,Geelong Cats,"G-DEF,MID",GEE
Oliver Florent,Sydney Swans,"MID,G-DEF",CAR
Oliver Francou,Fremantle Dockers,MID,WCE
Oliver Griffin,Essendon Bombers,G-FWD,NM
Oliver Hannaford,Melbourne Demons,MID,HAW
Oliver Hayes-Brown,Brisbane Lions,RUCK,RIC
Oliver Henry,Brisbane Lions,"G-FWD,K-FWD",GEE
Oliver Hollands,Sydney Swans,"G-DEF,MID",GEE
Oliver Wiltshire,Port Adelaide Power,G-FWD,GEE
Oliver Wines,St Kilda Saints,MID,PA
Ollie Dempsey,Geelong Cats,MID,GEE
Ollie Greeves,Hawthorn Hawks,MID,HAW
Ollie Lord,West Coast Eagles,"G-FWD,K-FWD",PA
Ollie Murphy,St Kilda Saints,"G-DEF,K-DEF",FRE
Oscar Adams,Melbourne Demons,"G-DEF,K-DEF",GCS
Oscar Allen,Carlton Blues,"G-FWD,K-FWD",BRI
Oscar Berry,Free agents,"K-DEF,G-DEF",
Oscar McDonald,Free agents,"K-DEF,G-DEF",
Oscar Ryan,Adelaide Crows,G-DEF,ADE
Oscar Steene,Adelaide Crows,"RUCK,G-FWD,K-FWD",COL
Oskar Baker,Brisbane Lions,"G-DEF,MID,G-FWD",WB
Oskar Taylor,Hawthorn Hawks,G-DEF,GWS
Paddy Cross,Richmond Tigers,G-FWD,MEL
Paddy Dow,Brisbane Lions,MID,STK
Patrick Carr,Free agents,RUCK,
Patrick Cripps,Port Adelaide Power,MID,CAR
Patrick Dangerfield,Port Adelaide Power,G-FWD,GEE
Patrick Lipinski,Collingwood Magpies,"MID,G-FWD",COL
Patrick Retschko,Carlton Blues,MID,RIC
Patrick Said,Free agents,G-FWD,
Patrick Snell,Hawthorn Hawks,"G-DEF,G-FWD,K-FWD,K-DEF",SYD
Patrick Voss,Fremantle Dockers,"G-FWD,K-FWD",FRE
Paul Curtis,Richmond Tigers,G-FWD,NM
Peter Ladhams,St Kilda Saints,"RUCK,G-FWD,K-FWD",SYD
Peter Wright,Port Adelaide Power,"G-FWD,K-FWD,RUCK",ESS
Phoenix Gothard,Hawthorn Hawks,G-FWD,GWS
Reece Torrent,Free agents,MID,
Reef McInnes,North Melbourne Kangaroos,"G-DEF,K-DEF",COL
Reilly O'Brien,Geelong Cats,RUCK,ADE
Reuben Ginbey,Melbourne Demons,G-DEF,WCE
Rhett Bazzo,Carlton Blues,"G-DEF,K-DEF",WCE
Rhyan Mansell,St Kilda Saints,G-FWD,RIC
Rhylee West,North Melbourne Kangaroos,G-FWD,WB
Rhys Stanley,Geelong Cats,RUCK,GEE
Rhys Unwin,Free agents,G-FWD,
Riak Andrew,Port Adelaide Power,"G-DEF,K-DEF",SYD
Ricky Mentha,Western Bulldogs,"G-DEF,G-FWD",MEL
Riley Bice,Collingwood Magpies,G-DEF,SYD
Riley Garcia,Essendon Bombers,"MID,G-FWD",WB
Riley Hamilton,Free agents,"G-FWD,MID",
Riley Hardeman,Sydney Swans,G-DEF,NM
Riley Onley,Geelong Cats,MID,MEL
Riley Thilthorpe,Melbourne Demons,"G-FWD,K-FWD",ADE
River Stevens,Free agents,"G-FWD,MID",
Roan Steele,North Melbourne Kangaroos,MID,COL
Rob Monahan,Free agents,G-DEF,
Robert Hansen,West Coast Eagles,"MID,G-FWD",NM
Rory Laird,North Melbourne Kangaroos,G-DEF,ADE
Rory Lobb,Port Adelaide Power,"G-DEF,K-DEF",WB
Rowan Marshall,Port Adelaide Power,"RUCK,K-FWD",STK
Ryan Angwin,Hawthorn Hawks,MID,GWS
Ryan Byrnes,Adelaide Crows,G-DEF,STK
Ryan Gardner,Free agents,"K-DEF,G-DEF",
Ryan Lester,Sydney Swans,G-DEF,BRI
Ryan Maric,St Kilda Saints,"G-DEF,MID",WCE
Ryda Luke,Free agents,G-FWD,
Ryley Sanders,Sydney Swans,"MID,G-FWD",WB
Saad El-Hawli,North Melbourne Kangaroos,MID,ESS
Sam Allen,Sydney Swans,"MID,G-FWD",WCE
Sam Banks,Carlton Blues,"G-DEF,MID",RIC
Sam Berry,Sydney Swans,MID,ADE
Sam Butler,Richmond Tigers,"MID,G-FWD",HAW
Sam Clohesy,Sydney Swans,MID,GCS
Sam Cumming,Carlton Blues,MID,RIC
Sam Darcy,Adelaide Crows,"G-FWD,K-FWD",WB
Sam Davidson,Brisbane Lions,"MID,G-FWD",WB
Sam De Koning,Geelong Cats,"G-DEF,K-DEF",GEE
Sam Draper,North Melbourne Kangaroos,"RUCK,G-FWD,K-FWD",BRI
Sam Durham,West Coast Eagles,"MID,G-FWD",ESS
Sam Flanders,Adelaide Crows,"G-FWD,MID,G-DEF",STK
Sam Lalor,Carlton Blues,"G-FWD,MID",RIC
Sam Marshall,Western Bulldogs,MID,BRI
Sam Powell-Pepper,Adelaide Crows,G-FWD,PA
Sam Sturt,Free agents,G-FWD,
Sam Switkowski,Sydney Swans,G-FWD,FRE
Sam Taylor,North Melbourne Kangaroos,"G-DEF,K-DEF",GWS
Sam Walsh,Brisbane Lions,MID,CAR
Sam Wicks,Collingwood Magpies,G-DEF,SYD
Samson Ryan,West Coast Eagles,RUCK,RIC
Samuel Collins,St Kilda Saints,"G-DEF,K-DEF",GCS
Samuel Grlj,Collingwood Magpies,"G-DEF,MID",RIC
Samuel Swadling,Essendon Bombers,MID,COL
Sandy Brock,Sydney Swans,"G-DEF,K-DEF",WCE
Scott Pendlebury,North Melbourne Kangaroos,MID,COL
Sean Darcy,Collingwood Magpies,RUCK,FRE
Seth Campbell,St Kilda Saints,G-FWD,RIC
Shadeau Brain,Essendon Bombers,G-DEF,BRI
Shai Bolton,St Kilda Saints,"MID,G-FWD",FRE
Shannon Neale,Geelong Cats,"G-FWD,K-FWD",GEE
Shaun Mannagh,West Coast Eagles,G-FWD,GEE
Sid Draper,Melbourne Demons,"MID,G-FWD",ADE
Steele Sidebottom,West Coast Eagles,MID,COL
Steely Green,Sydney Swans,G-FWD,RIC
Stephen Coniglio,Port Adelaide Power,"MID,G-FWD",GWS
Sullivan Robey,Fremantle Dockers,"MID,G-FWD",ESS
Tai Hayes,Hawthorn Hawks,"MID,G-FWD",BRI
Taj Hotton,Hawthorn Hawks,G-FWD,RIC
Talor Byrne,Western Bulldogs,"MID,G-FWD",CAR
Tanner Bruhn,Brisbane Lions,MID,GEE
Taylor Goad,Richmond Tigers,RUCK,NM
Taylor Walker,Geelong Cats,"G-FWD,K-FWD",ADE
Tew Jiath,Hawthorn Hawks,G-DEF,COL
Thomas Burton,Carlton Blues,MID,RIC
Thomas Liberatore,West Coast Eagles,MID,WB
Thomas Matthews,Melbourne Demons,G-FWD,MEL
Thomas Sims,Hawthorn Hawks,"G-FWD,K-FWD",RIC
Thomas Stewart,Port Adelaide Power,G-DEF,GEE
Tim Kelly,St Kilda Saints,"MID,G-FWD",WCE
Tim Membrey,Port Adelaide Power,"G-FWD,K-FWD",COL
Tim Taranto,West Coast Eagles,MID,RIC
Timothy English,Adelaide Crows,RUCK,WB
Tobie Travaglia,Melbourne Demons,"G-DEF,MID",STK
Toby Bedford,Brisbane Lions,"MID,G-FWD",GWS
Toby Conway,Essendon Bombers,RUCK,GEE
Toby Greene,North Melbourne Kangaroos,"G-FWD,MID",GWS
Toby McMullin,Melbourne Demons,MID,GWS
Toby Murray,Adelaide Crows,"G-FWD,K-FWD,RUCK",ADE
Toby Nankervis,West Coast Eagles,RUCK,RIC
Toby Pink,Free agents,"K-DEF,G-DEF",
Toby Whan,Richmond Tigers,MID,FRE
Tobyn Murray,West Coast Eagles,G-FWD,FRE
Todd Marshall,Adelaide Crows,"K-FWD,K-DEF",PA
Tom Anastasopoulos,Free agents,G-FWD,
Tom Atkins,Port Adelaide Power,MID,GEE
Tom Barrass,Brisbane Lions,"G-DEF,K-DEF",HAW
Tom Blamires,Richmond Tigers,"G-DEF,MID",NM
Tom Brown,Carlton Blues,G-DEF,RIC
Tom Cochrane,Essendon Bombers,G-FWD,PA
Tom Cole,Port Adelaide Power,G-DEF,WCE
Tom De Koning,Essendon Bombers,RUCK,STK
Tom Doedee,Free agents,G-DEF,
Tom Edwards,Free agents,"K-FWD,G-FWD",
Tom Green,Essendon Bombers,MID,GWS
Tom Gross,Melbourne Demons,"MID,G-FWD",WCE
Tom Hanily,Richmond Tigers,G-FWD,SYD
Tom Lynch,Adelaide Crows,"G-FWD,K-FWD",RIC
Tom McCarthy,Melbourne Demons,G-DEF,WCE
Tom McCartin,Sydney Swans,"G-DEF,K-DEF",SYD
Tom McDonald,Geelong Cats,"G-DEF,K-DEF",MEL
Tom Papley,Geelong Cats,G-FWD,SYD
Tom Powell,Carlton Blues,"MID,G-FWD",NM
Tom Sparrow,Sydney Swans,"G-FWD,MID",MEL
Touk Miller,Geelong Cats,"MID,G-FWD",GCS
Trent Rivers,Western Bulldogs,G-DEF,MEL
Tristan Xerri,Sydney Swans,RUCK,NM
Ty Gallop,Adelaide Crows,"G-FWD,K-FWD,K-DEF,G-DEF",BRI
Tyan Prindable,Fremantle Dockers,MID,COL
Tylah Williams,Melbourne Demons,"MID,G-FWD",WCE
Tylar Young,Richmond Tigers,"G-DEF,K-DEF",WCE
Tyler Brockman,Free Agents,G-FWD,WCE
Tyler Sonsie,Essendon Bombers,"MID,G-FWD",RIC
Tyler Welsh,Melbourne Demons,"G-FWD,K-FWD",ADE
Tyrell Dewar,Melbourne Demons,"G-DEF,MID",WCE
Tyson Stengle,St Kilda Saints,G-FWD,GEE
Vigo Visentini,Carlton Blues,RUCK,ESS
Wade Derksen,Western Bulldogs,"G-DEF,K-DEF",CAR
Wayne Milera,Sydney Swans,G-DEF,ADE
Wil Dawson,Collingwood Magpies,"G-DEF,K-DEF",NM
Wil Parker,Western Bulldogs,G-DEF,COL
Wil Powell,Adelaide Crows,"G-DEF,MID",GCS
Will Ashcroft,Carlton Blues,MID,BRI
Will Brodie,Brisbane Lions,MID,PA
Will Darcy,Fremantle Dockers,"G-DEF,G-FWD,K-FWD,K-DEF",WB
Will Day,Richmond Tigers,MID,HAW
Will Edwards,Essendon Bombers,"G-DEF,K-DEF",SYD
Will Graham,Hawthorn Hawks,"G-FWD,MID",GCS
Will Green,Essendon Bombers,RUCK,SYD
Will Hayes,West Coast Eagles,G-FWD,COL
Will Hayward,Adelaide Crows,G-FWD,CAR
Will Lewis,Sydney Swans,"G-FWD,K-FWD",WB
Will Lorenz,Richmond Tigers,MID,PA
Will McLachlan,Free agents,G-FWD,
Will Setterfield,Brisbane Lions,MID,ESS
Willem Drew,Adelaide Crows,MID,PA
Willem Duursma,Fremantle Dockers,MID,WCE
William McCabe,Hawthorn Hawks,"G-DEF,K-DEF",HAW
Xavier Bamert,Richmond Tigers,MID,PA
Xavier Duursma,North Melbourne Kangaroos,MID,ESS
Xavier Lindsay,Western Bulldogs,"MID,G-DEF",MEL
Xavier O'Halloran,Sydney Swans,"MID,G-FWD",GWS
Xavier Taylor,Richmond Tigers,G-DEF,MEL
Xavier Walsh,Free agents,"K-FWD,G-FWD",
Zac Bailey,North Melbourne Kangaroos,"MID,G-FWD",BRI
Zac Banch,Free agents,G-FWD,
Zac Fisher,Port Adelaide Power,G-FWD,NM
Zac McCarthy,West Coast Eagles,"RUCK,G-FWD,K-FWD",COL
Zac Taylor,Western Bulldogs,G-FWD,ADE
Zac Walker,Free agents,"K-DEF,G-DEF",
Zach Guthrie,Geelong Cats,G-DEF,GEE
Zach Reid,Hawthorn Hawks,"G-DEF,K-DEF",ESS
Zachary Merrett,West Coast Eagles,MID,ESS
Zachary Williams,St Kilda Saints,"G-FWD,G-DEF",CAR
Zak Butters,Geelong Cats,MID,PA
Zak Evans,Free agents,MID,
Zak Johnson,Richmond Tigers,G-DEF,ESS
Zane Duursma,Richmond Tigers,"G-DEF,G-FWD",NM
Zane Peucker,Carlton Blues,"MID,G-FWD",RIC
Zane Zakostelsky,Fremantle Dockers,"G-DEF,RUCK,K-DEF",BRI
Zeke Uwland,Fremantle Dockers,"G-DEF,MID",GCS
