stable_player_id,player_name,affl_team,"primary_future_position (engine, reference)",alternate_position (AT MOST ONE — leave blank if none),p_dual_stream % (chance the future state is PRIMARY/ALTERNATE dual; blank = 0 = pure primary),notes (optional)
afl-player-v1-1df9ecb7c033ae7646a4,Jack Carroll,Adelaide Crows,G-DEF,,,
afl-player-v1-868ea8f767a946d70917,Jaspa Fletcher,Adelaide Crows,G-DEF,,,
afl-player-v1-61b3ccb5ea59c4851445,Jordan Ridley,Adelaide Crows,G-DEF,K-DEF,20%,
afl-player-v1-5609057abdfa7ac6b0b7,Lachlan Jones,Adelaide Crows,G-DEF,,,
afl-player-v1-7c293250cf8dbc3b45e4,Liam Duggan,Adelaide Crows,G-DEF,,,
afl-player-v1-5c3ac2d1c84ea9110fe4,Oscar Ryan,Adelaide Crows,G-DEF,,,
afl-player-v1-cf1d0b8f5a720a46c06a,Ryan Byrnes,Adelaide Crows,G-DEF,,,
afl-player-v1-f6c1419e3347c583c2bb,Wil Powell,Adelaide Crows,G-DEF,,,
afl-player-v1-10478fc6854d4a00ac91,Connor Budarick,Brisbane Lions,G-DEF,,,
afl-player-v1-95c0c5cff3419f06f68d,Conor Stone,Brisbane Lions,G-DEF,,,
afl-player-v1-7d2a459ea2ec881ee4e0,Dane Rampe,Brisbane Lions,G-DEF,,,
afl-player-v1-4a32b31ca8fd0f3e2ff3,Flynn Perez,Brisbane Lions,G-DEF,,,
afl-player-v1-0a0fa0c58c2f8c6d7bb4,Harry Perryman,Brisbane Lions,G-DEF,,,
afl-player-v1-21e9cb1ab2cba05f6b3b,Isaac Quaynor,Brisbane Lions,G-DEF,,,
afl-player-v1-d246c05d619c36492dce,Josh Daicos,Brisbane Lions,G-DEF,,,
afl-player-v1-b9731120bd8796d03337,Mark O'Connor,Brisbane Lions,G-DEF,,,
afl-player-v1-219cd64a18526bc82a23,Michael Sellwood,Brisbane Lions,G-DEF,,,
afl-player-v1-f822e70b2df2c17d0328,Miles Bergman,Brisbane Lions,G-DEF,,,
afl-player-v1-c399795725e17c13dffb,Angus Clarke,Carlton Blues,G-DEF,,,
afl-player-v1-057315d23e7e0bf3c26f,Finnegan Davis,Carlton Blues,G-DEF,,,
afl-player-v1-5b86577d1ec0d6159e9c,Liam Baker,Carlton Blues,G-DEF,,,
afl-player-v1-2f116f7f4f97a6bf192a,Matthew Roberts,Carlton Blues,G-DEF,,,
afl-player-v1-0a868f1cf4977fe59a3d,Max Michalanney,Carlton Blues,G-DEF,,,
afl-player-v1-7448a1c18180c1de59e0,Sam Banks,Carlton Blues,G-DEF,,,
afl-player-v1-ee139bbbe6a42b1463b1,Tom Brown,Carlton Blues,G-DEF,,,
afl-player-v1-2bb1c4575ccd8c7ba202,Bailey Williams,Collingwood Magpies,G-DEF,,,
afl-player-v1-2c0d507e861806b4e2b5,Bodie Ryan,Collingwood Magpies,G-DEF,,,
afl-player-v1-be6280152eab06a384a7,Callum Mills,Collingwood Magpies,G-DEF,,,
afl-player-v1-2ba9319113f47277fa21,Daniel Rioli,Collingwood Magpies,G-DEF,,,
afl-player-v1-ae0417d08a6405bbceeb,Hugo Hall-Kahan,Collingwood Magpies,G-DEF,,,
afl-player-v1-5283bc8e85b412262bbf,Jarman Impey,Collingwood Magpies,G-DEF,,,
afl-player-v1-b2c51a63fc373bb833ac,Koltyn Tholstrup,Collingwood Magpies,G-DEF,,,
afl-player-v1-76808420035e6a8b6706,Mason Redman,Collingwood Magpies,G-DEF,,,
afl-player-v1-caac261627e427ecf9de,Mitchell Hinge,Collingwood Magpies,G-DEF,,,
afl-player-v1-b256e4d9e5432a4e53a4,Nick Blakey,Collingwood Magpies,G-DEF,,,
afl-player-v1-937133d2dc41d511ffe3,Riley Bice,Collingwood Magpies,G-DEF,,,
afl-player-v1-fb132efc63e911fae6c0,Sam Wicks,Collingwood Magpies,G-DEF,,,
afl-player-v1-52bf1280cafc930a8d62,Blake Howes,Essendon Bombers,G-DEF,,,
afl-player-v1-819de384d7f62bc800da,Brady Hough,Essendon Bombers,G-DEF,,,
afl-player-v1-f0d7b341f83d6023fd8b,Braeden Campbell,Essendon Bombers,G-DEF,G-FWD,50%,
afl-player-v1-62df7ec27dcdcd499eae,Jack Scrimshaw,Essendon Bombers,G-DEF,K-DEF,20%,
afl-player-v1-72c1c11700fc61dae98d,Jase Burgoyne,Essendon Bombers,G-DEF,,,
afl-player-v1-2c24e6846a509ffa12da,Josh Sinn,Essendon Bombers,G-DEF,,,
afl-player-v1-286f534d3d1cc573c098,Kane Farrell,Essendon Bombers,G-DEF,,,
afl-player-v1-33ada8ecaa565e9336c2,Lachlan Cowan,Essendon Bombers,G-DEF,,,
afl-player-v1-a91d721458a8af9477df,Marcus Herbert,Essendon Bombers,G-DEF,,,
afl-player-v1-328187a2e40f373c2a1e,Shadeau Brain,Essendon Bombers,G-DEF,,,
afl-player-v1-da036863cc3d8fb50812,Liam Stocker,Free Agents,G-DEF,,,
afl-player-v1-1717ec616a9d2f0c642e,Balyn O'Brien,Free agents,G-DEF,,,
afl-player-v1-60a82e89999eaca19d3f,Cillian Bourke,Free agents,G-DEF,,,
afl-player-v1-bf5bd9012e153d04a9fe,Harry Cunningham,Free agents,G-DEF,,,
afl-player-v1-172a23aaaf49ddf78e1e,Jackson Archer,Free agents,G-DEF,,,
afl-player-v1-1c1037a91ecab97d410e,Jayden Nguyen,Free agents,G-DEF,G-FWD,30%,
afl-player-v1-8da0b1455f76a2e2df9c,Jed Bews,Free agents,G-DEF,,,
afl-player-v1-a78d615765af7770ab64,Jordan Boyd,Free agents,G-DEF,,,
afl-player-v1-795949415910bcec10bd,Kaleb Smith,Free agents,G-DEF,,,
afl-player-v1-21df79235229950b18dc,Keighton Matofai-Forbes,Free agents,G-DEF,,,
afl-player-v1-3a8550ac8af5ca190c13,Rob Monahan,Free agents,G-DEF,,,
afl-player-v1-b3b7c6ccc9df2c916e34,Tom Doedee,Free agents,G-DEF,K-DEF,20%,
afl-player-v1-8ed1d0f2e2b3a1d83438,Zac Walker,Free agents,G-DEF,K-DEF,50%,
afl-player-v1-582c17fa8f38599ba36e,Harry Kyle,Fremantle Dockers,G-DEF,,,
afl-player-v1-6d1deb54da85de9023d2,Hugh Bond,Fremantle Dockers,G-DEF,,,
afl-player-v1-75c7189cf23a00883ccc,Jacob Farrow,Fremantle Dockers,G-DEF,,,
afl-player-v1-82c7e8f494607c184f2b,Jaxon Prior,Fremantle Dockers,G-DEF,,,
afl-player-v1-48fb2da2b909a8256894,Josh Lai,Fremantle Dockers,G-DEF,,,
afl-player-v1-6864d3b68960de314967,Zeke Uwland,Fremantle Dockers,MID,G-DEF,60%,
afl-player-v1-fd3e3de35948b76d59d1,Adam Saad,Geelong Cats,G-DEF,,,
afl-player-v1-569acef3f5da1997d202,Andrew McGrath,Geelong Cats,G-DEF,,,
afl-player-v1-bfc840f8e0f59fc24641,Bailey Dale,Geelong Cats,G-DEF,,,
afl-player-v1-544ddb3b212cf0e7013e,Jacob Wehr,Geelong Cats,G-DEF,,,
afl-player-v1-797837193a7c4b847d81,Jake Lloyd,Geelong Cats,G-DEF,G-FWD,50%,
afl-player-v1-4bfcacf82a0d776c2ea4,James Sicily,Geelong Cats,G-DEF,K-DEF,20%,
afl-player-v1-5550d94242e784ca1c3d,Lawson Humphries,Geelong Cats,G-DEF,,,
afl-player-v1-a934cbd848b889e3b90a,Luke McDonald,Geelong Cats,G-DEF,,,
afl-player-v1-46e08b85a52fdc2973b1,Mitch McGovern,Geelong Cats,G-DEF,G-FWD,50%,
afl-player-v1-26ff1ee55b317fca0c0f,Oisin Mullin,Geelong Cats,G-DEF,,,
afl-player-v1-5427cd4da7218df98938,Zach Guthrie,Geelong Cats,G-DEF,,,
afl-player-v1-bc6b9ef5332c2f4e8715,Darcy Wilmot,Hawthorn Hawks,G-DEF,,,
afl-player-v1-ea8470a13f4aadb5fc4d,Eamonn Armstrong,Hawthorn Hawks,G-DEF,,,
afl-player-v1-46e176b1e1cb8cf2276c,Harrison Oliver,Hawthorn Hawks,G-DEF,,,
afl-player-v1-7a99659c90e0a5eab680,Hunter Clark,Hawthorn Hawks,G-DEF,,,
afl-player-v1-256b99e7e6b4972abca7,Indy Cotton,Hawthorn Hawks,G-DEF,,,
afl-player-v1-51c8b895f8ffb72116a6,James Leake,Hawthorn Hawks,G-DEF,,,
afl-player-v1-690c8a0df50927412d20,Jaxon Artemis,Hawthorn Hawks,G-DEF,,,
afl-player-v1-59d17c24985ebc3eea8b,Josh Goater,Hawthorn Hawks,G-DEF,,,
afl-player-v1-c4d9086a24b07776bf5c,Kobe McDonald,Hawthorn Hawks,G-DEF,,,
afl-player-v1-b2ae5922a33d3679421d,Lachlan Carmichael,Hawthorn Hawks,G-DEF,,,
afl-player-v1-770aaa73c350c53af8f8,Max Kondogiannis,Hawthorn Hawks,G-DEF,,,
afl-player-v1-a73efb3e3e613ef91d32,Oskar Taylor,Hawthorn Hawks,G-DEF,,,
afl-player-v1-f1d2fecc3caa09a5302a,Tew Jiath,Hawthorn Hawks,G-DEF,,,
afl-player-v1-4a22ace5803958977c40,Avery Thomas,Melbourne Demons,G-DEF,,,
afl-player-v1-2dd3ccd0e1b4dff6e11a,Bo Allan,Melbourne Demons,G-DEF,,,
afl-player-v1-569d8308f325f3ed09a1,Brandon Starcevich,Melbourne Demons,G-DEF,,,
afl-player-v1-0240af654fa3bcbf3f1e,Dylan Patterson,Melbourne Demons,G-DEF,,,
afl-player-v1-66178e03f3831016945b,Harvey Johnston,Melbourne Demons,G-DEF,,,
afl-player-v1-a38daae79d1b591ef623,Keidean Coleman,Melbourne Demons,G-DEF,,,
afl-player-v1-73f8a199b2442c4ea5e5,Lachie Jaques,Melbourne Demons,G-DEF,,,
afl-player-v1-ce22c3da857dc9f69e14,Lachlan Ash,Melbourne Demons,G-DEF,,,
afl-player-v1-d6bfe6d5d7c7622aa16c,Lucca Grego,Melbourne Demons,G-DEF,,,
afl-player-v1-27b92ed0b5135eaec321,Oscar Adams,Melbourne Demons,G-DEF,,,
afl-player-v1-fd58640c5c54f6f75fdf,Tobie Travaglia,Melbourne Demons,G-DEF,,,
afl-player-v1-f6b273b240ecc1e56ea8,Tom McCarthy,Melbourne Demons,G-DEF,,,
afl-player-v1-c239986e76a611a9b0a9,Tyrell Dewar,Melbourne Demons,G-DEF,,,
afl-player-v1-fc90df145520acd22b04,Ben Murphy,North Melbourne Kangaroos,G-DEF,,,
afl-player-v1-d6d2fe7a40a3a6ef7cf0,Brayden Maynard,North Melbourne Kangaroos,G-DEF,K-DEF,25%,
afl-player-v1-46b344bd8a10773aecd3,Connor Idun,North Melbourne Kangaroos,G-DEF,,,
afl-player-v1-a67aba23e14cd5a96bd3,Harry Charleson,North Melbourne Kangaroos,G-DEF,,,
afl-player-v1-a755ba66278640abe3f4,Isaac Cumming,North Melbourne Kangaroos,G-DEF,,,
afl-player-v1-4dc82d0e8a055ba08cbe,Jai Serong,North Melbourne Kangaroos,G-DEF,K-DEF,20%,
afl-player-v1-9434d7c5b43141a33554,Joel Jeffrey,North Melbourne Kangaroos,G-DEF,,,
afl-player-v1-5935f9e7d1d2e5bc6004,Karl Worner,North Melbourne Kangaroos,G-DEF,,,
afl-player-v1-98d4447a6c6e8af946e8,Lachie Whitfield,North Melbourne Kangaroos,G-DEF,,,
afl-player-v1-58bbb663005700d953dd,Luke Parker,North Melbourne Kangaroos,G-DEF,,,
afl-player-v1-9186b21cf6ec11f9140a,Matt Duffy,North Melbourne Kangaroos,G-DEF,,,
afl-player-v1-e3e6c7a99658440d99ac,Rory Laird,North Melbourne Kangaroos,G-DEF,,,
afl-player-v1-6de2114eafbe620e3fd5,Saad El-Hawli,North Melbourne Kangaroos,G-DEF,,,
afl-player-v1-2d0be16a32b077bf822a,Blake Hardwick,Port Adelaide Power,G-DEF,G-FWD,35%,
afl-player-v1-53cf9ea07c8d23470b27,Bodhi Uwland,Port Adelaide Power,G-DEF,,,
afl-player-v1-e36fc9a752bdb05af645,Brandon Walker,Port Adelaide Power,G-DEF,,,
afl-player-v1-f3b426662b256de4c7a8,Caleb Daniel,Port Adelaide Power,G-DEF,,,
afl-player-v1-0f7806fb9aa246ac2b53,Christian Salem,Port Adelaide Power,G-DEF,,,
afl-player-v1-a8a7e455c41a52501435,Cillian Burke,Port Adelaide Power,G-DEF,,,
afl-player-v1-f2d3605fc71d7aa8d371,Darcy Byrne-Jones,Port Adelaide Power,G-DEF,G-FWD,40%,
afl-player-v1-492319f4c76dbc13ba1a,Dayne Zorko,Port Adelaide Power,G-DEF,,,
afl-player-v1-efc436310b95720f2faf,Jack Sinclair,Port Adelaide Power,G-DEF,,,
afl-player-v1-98002cba10c19c2ef4bf,Jayden Short,Port Adelaide Power,G-DEF,,,
afl-player-v1-f5e39356680d53f4d27a,Jeremy Howe,Port Adelaide Power,G-DEF,K-DEF,35%,
afl-player-v1-c746361adb86ff960c48,Thomas Stewart,Port Adelaide Power,G-DEF,,,
afl-player-v1-c3ab45a033553100f573,Tom Cole,Port Adelaide Power,G-DEF,G-FWD,50%,
afl-player-v1-451ddd8089a5671d27bd,Angus Hastie,Richmond Tigers,G-DEF,,,
afl-player-v1-ed04080f429f90809986,Cooper Simpson,Richmond Tigers,G-DEF,,,
afl-player-v1-eff4af4d6dc326bd2039,Harvey Gallagher,Richmond Tigers,G-DEF,,,
afl-player-v1-d4e9bfd1ee9ae1c72370,Joshua Weddle,Richmond Tigers,G-DEF,,,
afl-player-v1-1ae7e43e112521438bbe,Judd McVee,Richmond Tigers,G-DEF,,,
afl-player-v1-5ee1939ad38f451c9839,Nathan Broad,Richmond Tigers,G-DEF,,,
afl-player-v1-4af5ff1d6c0a57d3f39a,Tom Blamires,Richmond Tigers,G-DEF,,,
afl-player-v1-1f09c43ab0e1bffce94e,Xavier Taylor,Richmond Tigers,G-DEF,,,
afl-player-v1-d279ab89fc8d4fe8bde1,Zak Johnson,Richmond Tigers,G-DEF,,,
afl-player-v1-0f0c9d6196abee42b21e,Archie Roberts,St Kilda Saints,MID,G-DEF,70%,
afl-player-v1-32fef89bc6c5dfeda8b7,Bailey Banfield,St Kilda Saints,G-DEF,,,
afl-player-v1-e415df5077f164469cba,Dan Houston,St Kilda Saints,G-DEF,,,
afl-player-v1-59002dc8321ccdf21bfa,Joseph Fonti,St Kilda Saints,G-DEF,,,
afl-player-v1-527601186c70f68adedc,Josh Lindsay,St Kilda Saints,G-DEF,,,
afl-player-v1-3187acc6533265eee936,Karl Amon,St Kilda Saints,G-DEF,,,
afl-player-v1-90ebece285dc4910fe5d,Lennox Hoffman,St Kilda Saints,G-DEF,,,
afl-player-v1-3748d2d5901b55897f63,Nick Vlastuin,St Kilda Saints,G-DEF,,,
afl-player-v1-49df55e41314f434839b,Noah Answerth,St Kilda Saints,G-DEF,,,
afl-player-v1-c429049c86bb22e10b9a,Zachary Williams,St Kilda Saints,G-DEF,G-FWD,50%,
afl-player-v1-b863559cd3b5b300ab3e,Corey Wagner,Sydney Swans,G-DEF,,,
afl-player-v1-aa4d5b1969d471186a49,Ed Langdon,Sydney Swans,G-DEF,,,
afl-player-v1-0297bfd91767586dc86b,Harrison Himmelberg,Sydney Swans,G-DEF,,,
afl-player-v1-c64255f0f57e31279cb2,Heath Chapman,Sydney Swans,G-DEF,,,
afl-player-v1-a9a8e85ed38f1ce4e94f,John Noble,Sydney Swans,G-DEF,,,
afl-player-v1-176755335d1a57e4c462,Logan Evans,Sydney Swans,G-DEF,,,
afl-player-v1-a03a3c7f3924fa68f09e,Luke Cleary,Sydney Swans,G-DEF,,,
afl-player-v1-677d6d582c6d7170a62f,Oliver Florent,Sydney Swans,G-DEF,,,
afl-player-v1-145cb006483d7dd50196,Oliver Hollands,Sydney Swans,G-DEF,,,
afl-player-v1-f292ff8cfcb27ae2b30a,Riley Hardeman,Sydney Swans,G-DEF,,,
afl-player-v1-c45c54f44f4a8a49409b,Wayne Milera,Sydney Swans,G-DEF,,,
afl-player-v1-43dcbfbd3dd8420f2e63,Andy Moniz-Wakefield,West Coast Eagles,G-DEF,,,
afl-player-v1-e0445624468b8061dc74,Jake Bowey,West Coast Eagles,G-DEF,,,
afl-player-v1-fbd777b8ce2afc23740b,Jakob Ryan,West Coast Eagles,G-DEF,,,
afl-player-v1-c23c541c8c5162167ffa,Jordan Clark,West Coast Eagles,G-DEF,,,
afl-player-v1-248c051e7df555f47a45,Josh Worrell,West Coast Eagles,G-DEF,K-DEF,25%,
afl-player-v1-8699d0ef02651920ee05,Liam O'Connell,West Coast Eagles,G-DEF,,,
afl-player-v1-e3408506362c67321cf8,Luke Ryan,West Coast Eagles,G-DEF,,,
afl-player-v1-e00ed08737cf8ea26baa,Nic Newman,West Coast Eagles,G-DEF,,,
afl-player-v1-72cf2a6d4a4c62d627af,Nicholas Coffield,West Coast Eagles,G-DEF,K-DEF,40%,
afl-player-v1-2df5772a1446de4f16bf,Nick Haynes,West Coast Eagles,G-DEF,,,
afl-player-v1-c65a1c9c023c7d79a8c1,Bailey Macdonald,Western Bulldogs,G-DEF,,,
afl-player-v1-ba2b5f134d7209c2cd1f,Billy Wilson,Western Bulldogs,G-DEF,,,
afl-player-v1-0d58e3e7af08a0573883,Changkuoth Jiath,Western Bulldogs,G-DEF,,,
afl-player-v1-256b11412ad9adfde693,James Trezise,Western Bulldogs,G-DEF,,,
afl-player-v1-20a8e6ffe097f0b92cfc,Luke Nankervis,Western Bulldogs,G-DEF,,,
afl-player-v1-92c19d79435c34d4b286,Trent Rivers,Western Bulldogs,G-DEF,,,
afl-player-v1-bbc4fa1d66b431694808,Wil Parker,Western Bulldogs,G-DEF,,,
afl-player-v1-279d78b79a766963d4c9,Xavier Lindsay,Western Bulldogs,MID,G-DEF,50%,
afl-player-v1-bccb2c78d58984d7d91d,Archer Day-Wicks,Adelaide Crows,G-FWD,,,
afl-player-v1-6ed18956cf1378582d16,Arthur Jones,Adelaide Crows,G-FWD,,,
afl-player-v1-ab1876e3a4f81af563e6,Ben Keays,Adelaide Crows,G-FWD,,,
afl-player-v1-838375338eeaff603372,Jesse Motlop,Adelaide Crows,G-FWD,,,
afl-player-v1-9844fdd0a1778ebb896b,Joe Berry,Adelaide Crows,G-FWD,,,
afl-player-v1-760c6daa6af814bcb24b,Joe Richards,Adelaide Crows,G-FWD,,,
afl-player-v1-a632c601617e8e666e07,Lachlan Schultz,Adelaide Crows,G-FWD,,,
afl-player-v1-9643ed01b474bed53c3a,Sam Powell-Pepper,Adelaide Crows,G-FWD,,,
afl-player-v1-f5c68ed3e427786f2d4b,Will Hayward,Adelaide Crows,G-FWD,,,
afl-player-v1-f5edc99c62076d254cd1,Ben Ainsworth,Brisbane Lions,G-FWD,,,
afl-player-v1-8aeac02b34655edd2291,Gryan Miers,Brisbane Lions,G-FWD,,,
afl-player-v1-263e17ec5c383810e670,Harry Sharp,Brisbane Lions,G-FWD,,,
afl-player-v1-ab3fe74846e344f27891,Harvey Thomas,Brisbane Lions,MID,G-FWD,10%,
afl-player-v1-33736b48a197f2f1ba65,Jack Martin,Brisbane Lions,G-FWD,,,
afl-player-v1-321029a9a16b5cd19eb6,Jake Stringer,Brisbane Lions,G-FWD,K-FWD,30%,
afl-player-v1-0ecc742e1e4c4714661c,Jamie Elliott,Brisbane Lions,G-FWD,,,
afl-player-v1-7bf02b691759aa5668c1,Oliver Henry,Brisbane Lions,G-FWD,K-FWD,30%,
afl-player-v1-9593a2d2734002e0b1d5,Oskar Baker,Brisbane Lions,G-FWD,,,
afl-player-v1-8623aaa7eb9f7e2a20e4,Sam Davidson,Brisbane Lions,G-FWD,,,
afl-player-v1-d31ac1b67446aee6f5bc,Toby Bedford,Brisbane Lions,G-FWD,,,
afl-player-v1-c6c3067150262c510541,Caiden Cleary,Carlton Blues,G-FWD,MID,20%,
afl-player-v1-6cf314248b4dd9b0f32c,Isaiah Dudley,Carlton Blues,G-FWD,,,
afl-player-v1-62e44a2acaafb4a83a2f,Jasper Alger,Carlton Blues,G-FWD,,,
afl-player-v1-bba889f13399d9b9ee78,Max Beattie,Carlton Blues,G-FWD,,,
afl-player-v1-023276c69c07e6c60ab8,Noah Roberts-Thomson,Carlton Blues,G-FWD,,,
afl-player-v1-441ecf4754260c89227e,Thomas Burton,Carlton Blues,G-FWD,,,
afl-player-v1-00c3832708c5db482c28,Tom Powell,Carlton Blues,MID,G-FWD,50%,
afl-player-v1-9d46cc1ec1cb3092cfa7,Zane Peucker,Carlton Blues,G-FWD,,,
afl-player-v1-261fb8d2a929be14129f,Cody Weightman,Collingwood Magpies,G-FWD,,,
afl-player-v1-1eea9cd2a11b4840434b,Jacob Konstanty,Collingwood Magpies,G-FWD,,,
afl-player-v1-16877fb6b00199654e9e,Jesse Dattoli,Collingwood Magpies,G-FWD,,,
afl-player-v1-97d5d23540957cbe93f3,Judson Clarke,Collingwood Magpies,G-FWD,,,
afl-player-v1-6b568799ebc4bf88eb36,Kai Lohmann,Collingwood Magpies,G-FWD,,,
afl-player-v1-b98529f9eca3cbf471fd,Lachlan Bramble,Collingwood Magpies,G-FWD,,,
afl-player-v1-b742ee37ea9fdb64884a,Latrelle Pickett,Collingwood Magpies,G-FWD,,,
afl-player-v1-601df8b42b8a60750b20,Patrick Lipinski,Collingwood Magpies,G-FWD,,,
afl-player-v1-d72d04026b85e58dfc06,Billy Dowling,Essendon Bombers,G-FWD,,,
afl-player-v1-da6f8389b5a659e1eabe,Brent Daniels,Essendon Bombers,G-FWD,,,
afl-player-v1-5d34ee663f616a7fcf27,Darcy Jones,Essendon Bombers,G-FWD,,,
afl-player-v1-dc6b2cd7d48c8b4255bd,Elijah Hollands,Essendon Bombers,G-FWD,MID,20%,
afl-player-v1-d3f770bb1b952d27e053,Liam Henry,Essendon Bombers,G-FWD,,,
afl-player-v1-6eb4e78e45737f63df6e,Lincoln McCarthy,Essendon Bombers,G-FWD,,,
afl-player-v1-ae7cd4e5e53c5f32cdee,Luke Pedlar,Essendon Bombers,G-FWD,,,
afl-player-v1-5612c4af21b5a0e54a5c,Oliver Griffin,Essendon Bombers,G-FWD,,,
afl-player-v1-fa4da742489a33e816d0,Riley Garcia,Essendon Bombers,G-FWD,,,
afl-player-v1-278353acbb4f3993808e,Tom Cochrane,Essendon Bombers,G-FWD,,,
afl-player-v1-422fa02891468213fe42,Tyler Brockman,Free Agents,G-FWD,,,
afl-player-v1-18e32886c9bf159f469a,Asher Eastham,Free agents,G-FWD,,,
afl-player-v1-a5ad8398bbd215b116e2,Bailey Laurie,Free agents,G-FWD,,,
afl-player-v1-26c7d23e3f5fff92763f,Benny Barrett,Free agents,G-FWD,,,
afl-player-v1-2f6242ef54860fa75fb3,Cody Anderson,Free agents,G-FWD,,,
afl-player-v1-fd8f88cb7a251aba137f,Daniel Butler,Free agents,G-FWD,,,
afl-player-v1-b522f3a7cd0997e31b8f,Finn Maginness,Free agents,G-FWD,,,
afl-player-v1-1825e6bd6dbe8848dd4e,Flynn Young,Free agents,G-FWD,,,
afl-player-v1-53546ca55b1b441d4c86,Jack Henderson,Free agents,G-FWD,,,
afl-player-v1-ce944748c780cff96356,Jamie Cripps,Free agents,G-FWD,,,
afl-player-v1-baed67cf85334ee2b9d8,Koby Evans,Free agents,G-FWD,,,
afl-player-v1-0b95f7bd2062dce45d7e,Lachie Sullivan,Free agents,G-FWD,,,
afl-player-v1-d36af4e0c575a42a4a34,Lachlan Fogarty,Free agents,G-FWD,,,
afl-player-v1-4b9fabee253c2cb820fe,Lachlan McNeil,Free agents,G-FWD,,,
afl-player-v1-d7abc18c5d395b3a2c74,Laitham Vandermeer,Free agents,G-FWD,,,
afl-player-v1-6bdb2a468ec0c05a2248,Leon Kickett,Free agents,G-FWD,,,
afl-player-v1-1ce21cd3f5b5fbbc7ea5,Matt Guelfi,Free agents,G-FWD,,,
afl-player-v1-5990557d50150e6d1dc8,Matt Hill,Free agents,G-FWD,,,
afl-player-v1-ebdf837d2a23b1282f44,Matt Owies,Free agents,G-FWD,,,
afl-player-v1-658634afd21b318408dd,Ned Bowman,Free agents,G-FWD,,,
afl-player-v1-34a8a44afb07bd5a046d,Nicholas Holman,Free agents,G-FWD,,,
afl-player-v1-8bf1408a62bb7de9cf9f,Noah Long,Free agents,G-FWD,,,
afl-player-v1-f282c24b119aa18a481a,Patrick Said,Free agents,G-FWD,,,
afl-player-v1-c1c939d32cb20e307db2,Rhys Unwin,Free agents,G-FWD,,,
afl-player-v1-c13e1f14b2b069c3f78f,Riley Hamilton,Free agents,G-FWD,,,
afl-player-v1-e771eb4c731c953b5b51,River Stevens,Free agents,G-FWD,,,
afl-player-v1-18c64bc1a192b51aba1a,Ryda Luke,Free agents,G-FWD,,,
afl-player-v1-7d0919e8b1e6bb67a1a8,Sam Sturt,Free agents,G-FWD,,,
afl-player-v1-3fc4eb156cc43a803d65,Tom Anastasopoulos,Free agents,G-FWD,,,
afl-player-v1-c73511bdd0f0c794b14b,Will McLachlan,Free agents,G-FWD,,,
afl-player-v1-60766faf78e6bdf2be35,Zac Banch,Free agents,G-FWD,,,
afl-player-v1-6ff292e2d05fcf5981b5,Jack Dalton,Fremantle Dockers,G-FWD,,,
afl-player-v1-fd858670fdee0bfec2ff,Jack Ison,Fremantle Dockers,G-FWD,,,
afl-player-v1-6fa3c4b4bef1c733ff3e,Jay Polkinghorne,Fremantle Dockers,G-FWD,,,
afl-player-v1-9ad6dcd7a2e1ad357061,Jevan Phillipou,Fremantle Dockers,G-FWD,,,
afl-player-v1-d7dc302f0061f9c3a6a3,Josh Rachele,Fremantle Dockers,G-FWD,,,
afl-player-v1-c59fa0756ba5dab93e77,Lachy Dovaston,Fremantle Dockers,G-FWD,,,
afl-player-v1-a96ccbd720e3cb6dd786,Leo Lombard,Fremantle Dockers,G-FWD,,,
afl-player-v1-a7b458195fd4ad591d40,Murphy Reid,Fremantle Dockers,G-FWD,,,
afl-player-v1-232efdaede6c4306886a,Bayley Fritsch,Geelong Cats,G-FWD,K-FWD,20%,
afl-player-v1-003e4d5d62024af040e6,Bradley Close,Geelong Cats,G-FWD,,,
afl-player-v1-0b851ac82d1ffef7f781,Callum Ah Chee,Geelong Cats,G-FWD,,,
afl-player-v1-ef6e380522f2f654bf4f,Cameron Rayner,Geelong Cats,G-FWD,,,
afl-player-v1-bd42202cb19165646cf4,Izak Rankine,Geelong Cats,G-FWD,,,
afl-player-v1-f0954271c7d67c115002,Jack Higgins,Geelong Cats,G-FWD,,,
afl-player-v1-08b33b65866c62f3e6aa,Jade Gresham,Geelong Cats,G-FWD,,,
afl-player-v1-895ed18bb574e12877aa,Tom Papley,Geelong Cats,G-FWD,,,
afl-player-v1-cd052426fa39db3f0120,Cameron Nairn,Hawthorn Hawks,G-FWD,,,
afl-player-v1-d6e8ec84d8c2b89ba890,Dylan Moore,Hawthorn Hawks,G-FWD,,,
afl-player-v1-44e38609bc728a39c7cb,Josh Dolan,Hawthorn Hawks,G-FWD,,,
afl-player-v1-6634f3a777ee80f1652f,Lance Collard,Hawthorn Hawks,G-FWD,,,
afl-player-v1-9d054a45418ba5797f44,Phoenix Gothard,Hawthorn Hawks,G-FWD,,,
afl-player-v1-8e2e6a62b231249ed929,Tai Hayes,Hawthorn Hawks,G-FWD,,,
afl-player-v1-41f3419530669bee00b4,Will Graham,Hawthorn Hawks,MID,G-FWD,70%,
afl-player-v1-8891d0951120f190af2c,Archie Perkins,Melbourne Demons,G-FWD,,,
afl-player-v1-eac847169c7ae1525269,Corey Warner,Melbourne Demons,G-FWD,,,
afl-player-v1-c89d9151a00e1b1e1b25,Jacob Newton,Melbourne Demons,G-FWD,,,
afl-player-v1-25fb163a4abff862be76,Jake Rogers,Melbourne Demons,G-FWD,,,
afl-player-v1-1ec0eff1df6b8670aa5a,Liam Ryan,Melbourne Demons,G-FWD,,,
afl-player-v1-c60baecc88fb4fe722b5,Malakai Champion,Melbourne Demons,G-FWD,,,
afl-player-v1-646eff37a6b61875e2a2,Malcolm Rosas,Melbourne Demons,G-FWD,,,
afl-player-v1-4b9df048d6043b396620,Oliver Hannaford,Melbourne Demons,G-FWD,,,
afl-player-v1-53f60d044b28fa287bb8,Thomas Matthews,Melbourne Demons,G-FWD,,,
afl-player-v1-69c7ff7f3226b9bbf10b,Toby McMullin,Melbourne Demons,G-FWD,,,
afl-player-v1-6ee5771dc5cb49ab69e0,Tylah Williams,Melbourne Demons,G-FWD,,,
afl-player-v1-4f35404527e341d9abbc,Jack Ginnivan,North Melbourne Kangaroos,G-FWD,,,
afl-player-v1-ae842904e89695581f8b,Jackson Mead,North Melbourne Kangaroos,G-FWD,,,
afl-player-v1-e4877d4c9ba3d6489a35,Jordan De Goey,North Melbourne Kangaroos,G-FWD,,,
afl-player-v1-82123073102a52f26b3f,Rhylee West,North Melbourne Kangaroos,G-FWD,,,
afl-player-v1-d26e334058cc256353fa,Toby Greene,North Melbourne Kangaroos,G-FWD,,,
afl-player-v1-7378cac294e3a212a182,Zac Bailey,North Melbourne Kangaroos,G-FWD,,,
afl-player-v1-1d780d19cc3efbbf3552,Bradley Hill,Port Adelaide Power,G-FWD,,,
afl-player-v1-a1f4b1e733f155a14dcc,Charlie Spargo,Port Adelaide Power,G-FWD,,,
afl-player-v1-e148f8679875b3d6250a,Corey Durdin,Port Adelaide Power,G-FWD,,,
afl-player-v1-aee6de2973fd5ca4467f,Jaren Carr,Port Adelaide Power,G-FWD,,,
afl-player-v1-b82cb6d7d94c9cfeabbc,Mason Wood,Port Adelaide Power,G-FWD,,,
afl-player-v1-c05999000f6adcc37825,Michael Frederick,Port Adelaide Power,G-FWD,,,
afl-player-v1-f07600e2849bc4a2ed87,Mitch Zadow,Port Adelaide Power,G-FWD,,,
afl-player-v1-e3caf3a891bad7b64be2,Oliver Wiltshire,Port Adelaide Power,G-FWD,,,
afl-player-v1-f000210c809f7128d817,Patrick Dangerfield,Port Adelaide Power,G-FWD,,,
afl-player-v1-0275b689ff4d0b651b11,Zac Fisher,Port Adelaide Power,G-FWD,,,
afl-player-v1-f11e474abd2b99b6d2f8,Ben Long,Richmond Tigers,G-FWD,,,
afl-player-v1-36e1c724da662172668d,Brayden George,Richmond Tigers,G-FWD,,,
afl-player-v1-397ef921c11641ab2a61,Cameron Zurhaar,Richmond Tigers,G-FWD,,,
afl-player-v1-4a2df595cb1ba12b7a45,Campbell Lake,Richmond Tigers,G-FWD,,,
afl-player-v1-ce97654bb88ebc40ffe5,Chris Scerri,Richmond Tigers,G-FWD,,,
afl-player-v1-6b6ba869803850018d0a,Connor MacDonald,Richmond Tigers,G-FWD,,,
afl-player-v1-29bb554c3e47c1c2568b,Cooper Harvey,Richmond Tigers,G-FWD,,,
afl-player-v1-5693b0cd06fb01478444,Ewan Mackinlay,Richmond Tigers,G-FWD,,,
afl-player-v1-4ed12365ade6e2fc03a5,Hugo Mikunda,Richmond Tigers,G-FWD,,,
afl-player-v1-1e375a8a1f94f8a23dfd,Kysaiah Pickett,Richmond Tigers,G-FWD,,,
afl-player-v1-5f43c9c902f7780ce789,Maxwell King,Richmond Tigers,G-FWD,,,
afl-player-v1-716f1eabdf51d799d667,Milan Murdock,Richmond Tigers,G-FWD,,,
afl-player-v1-0006090cd55e28d1a258,Paddy Cross,Richmond Tigers,G-FWD,,,
afl-player-v1-2f5bb7529c45ed8b1c79,Paul Curtis,Richmond Tigers,G-FWD,,,
afl-player-v1-171fdad958760b98dbb8,Sam Butler,Richmond Tigers,G-FWD,,,
afl-player-v1-91f9428225d3cfc1cd51,Toby Whan,Richmond Tigers,G-FWD,,,
afl-player-v1-dcc2ca577262469eb75b,Tom Hanily,Richmond Tigers,G-FWD,,,
afl-player-v1-f1b93c65c9f4fcaec365,Xavier Bamert,Richmond Tigers,G-FWD,,,
afl-player-v1-a2dce67dd6716ef00ac7,Zane Duursma,Richmond Tigers,G-FWD,,,
afl-player-v1-65ff4f73303faae38263,Ashton Moir,St Kilda Saints,G-FWD,,,
afl-player-v1-2aa15c17a8f9bb98c666,Callum M. Brown,St Kilda Saints,G-FWD,,,
afl-player-v1-e54d1b525f74546c124a,Conor McKenna,St Kilda Saints,G-FWD,,,
afl-player-v1-c4c5af0d7fdb69445549,Francis Evans,St Kilda Saints,G-FWD,,,
afl-player-v1-ce576813a5ba90f27db6,Josaia Delana,St Kilda Saints,G-FWD,,,
afl-player-v1-fc6ac46f92c3b7b16ed5,Noah Chamberlain,St Kilda Saints,G-FWD,,,
afl-player-v1-1ca96839896a3417dbcd,Rhyan Mansell,St Kilda Saints,G-FWD,,,
afl-player-v1-dba401cbb0209af741a0,Seth Campbell,St Kilda Saints,G-FWD,,,
afl-player-v1-6dc14b7a0d0df05565c8,Shai Bolton,St Kilda Saints,G-FWD,,,
afl-player-v1-784487b132fbd42fc311,Tyson Stengle,St Kilda Saints,G-FWD,,,
afl-player-v1-963c8126427fc70e52df,Adam Sweid,Sydney Swans,G-FWD,,,
afl-player-v1-7f331c01fa1334654985,Charlie Cameron,Sydney Swans,G-FWD,,,
afl-player-v1-720fb343b3fe75fb92c5,Lachlan Gulbin,Sydney Swans,G-FWD,,,
afl-player-v1-8e35dd8ce06e18a7a07b,Maurice Rioli,Sydney Swans,G-FWD,,,
afl-player-v1-b5939f9f51392e0dedbb,Sam Switkowski,Sydney Swans,G-FWD,,,
afl-player-v1-3793f7fb33c2d9e92cc8,Steely Green,Sydney Swans,G-FWD,,,
afl-player-v1-5e8ea652229ac10e25c6,Xavier O'Halloran,Sydney Swans,G-FWD,,,
afl-player-v1-e85a86a8692f0a831933,Alex Neal-Bullen,West Coast Eagles,G-FWD,,,
afl-player-v1-a5a788fcc3dc14ff1091,Beau McCreery,West Coast Eagles,G-FWD,,,
afl-player-v1-530b7fcbfe22f330e3c4,Bobby Hill,West Coast Eagles,G-FWD,,,
afl-player-v1-409c1d00c3a09f0d9eeb,Harvey Harrison,West Coast Eagles,G-FWD,,,
afl-player-v1-1d5af6c01ebcddc2cd54,Jai Saxena,West Coast Eagles,G-FWD,,,
afl-player-v1-d4326256dc1cb8e54f15,Nick Watson,West Coast Eagles,G-FWD,,,
afl-player-v1-10a5ccc7fb51a2b2e034,Robert Hansen,West Coast Eagles,G-FWD,,,
afl-player-v1-97a49cb582ddb5aeaaa1,Shaun Mannagh,West Coast Eagles,G-FWD,,,
afl-player-v1-0ba4f535cce6ff129607,Tobyn Murray,West Coast Eagles,G-FWD,,,
afl-player-v1-b9e8379037385c8cee5b,Will Hayes,West Coast Eagles,G-FWD,,,
afl-player-v1-9f45e63fb7a10ebbb1d4,Bailey Humphrey,Western Bulldogs,MID,G-FWD,80%,
afl-player-v1-d06df65863958adcd922,Darcy Wilson,Western Bulldogs,G-FWD,,,
afl-player-v1-ebea746acf61f60bb277,Hussien El Achkar,Western Bulldogs,G-FWD,,,
afl-player-v1-7710e2249b25933935af,Isaac Kako,Western Bulldogs,G-FWD,,,
afl-player-v1-87c66ca32aae205ac1ce,Kade Chandler,Western Bulldogs,G-FWD,,,
afl-player-v1-a79de63b596184ec6aa8,Max Hall,Western Bulldogs,MID,G-FWD,100%,
afl-player-v1-ec3f691537531ffedcf2,Nathan Wardius,Western Bulldogs,G-FWD,,,
afl-player-v1-1e48a475f30de9837e3d,Ricky Mentha,Western Bulldogs,G-FWD,,,
afl-player-v1-f23f5d01a5ebc72d7028,Talor Byrne,Western Bulldogs,G-FWD,,,
afl-player-v1-b61bed0bbace15b1aa56,Zac Taylor,Western Bulldogs,G-FWD,,,
afl-player-v1-0b17edd7590d41b40abb,Esava Ratugolea,Adelaide Crows,K-DEF,,,
afl-player-v1-72ecc1bfe9f72efec4eb,Harrison Ramm,Adelaide Crows,K-DEF,,,
afl-player-v1-76288227686163efb60c,Lukas Cooke,Adelaide Crows,K-DEF,,,
afl-player-v1-0161f6e4e64f66732e03,Mark Keane,Adelaide Crows,K-DEF,,,
afl-player-v1-88cc3d546296baa70767,Billy Frampton,Brisbane Lions,K-DEF,,,
afl-player-v1-5c33c0ae50436bf7207b,Buku Khamis,Brisbane Lions,K-DEF,,,
afl-player-v1-2e9b993cc75d1a398899,Jack Payne,Brisbane Lions,K-DEF,,,
afl-player-v1-b504db15773d5f3d2b26,Lewis Melican,Brisbane Lions,K-DEF,,,
afl-player-v1-03bbba3884d3b4e86743,Tom Barrass,Brisbane Lions,K-DEF,,,
afl-player-v1-af1e6384eb8bd0db99b6,Campbell Gray,Carlton Blues,K-DEF,,,
afl-player-v1-b8bb99a0c8d9a611efd0,Charlie Ballard,Carlton Blues,K-DEF,,,
afl-player-v1-cc43e28819683f5743fa,Josh Gibcus,Carlton Blues,K-DEF,,,
afl-player-v1-a224d4377faae8f072fe,Kye Annand,Carlton Blues,K-DEF,,,
afl-player-v1-472b105de05f27cd1365,Lewis Young,Carlton Blues,K-DEF,,,
afl-player-v1-8e328cd4f9bc35e7e371,Luke Trainor,Carlton Blues,K-DEF,,,
afl-player-v1-6a7269c5c5368cf36265,Rhett Bazzo,Carlton Blues,K-DEF,,,
afl-player-v1-70221165b1045d284cf1,Harris Andrews,Collingwood Magpies,K-DEF,,,
afl-player-v1-1dd83227423bc5021c1e,Jack Buckley,Collingwood Magpies,K-DEF,,,
afl-player-v1-bf0163a49d8fcea78d79,Jack Silvagni,Collingwood Magpies,K-DEF,,,
afl-player-v1-8ee6489f823d1c7fc978,Jake Lever,Collingwood Magpies,K-DEF,,,
afl-player-v1-788b838249581ccea794,Wil Dawson,Collingwood Magpies,K-DEF,,,
afl-player-v1-8cf5e493bdfae3733c6d,Darcy Moore,Essendon Bombers,K-DEF,,,
afl-player-v1-d26a58755c862c904694,Jedd Busslinger,Essendon Bombers,K-DEF,,,
afl-player-v1-f24afe9ae1de1cfd811f,Josh Draper,Essendon Bombers,K-DEF,,,
afl-player-v1-c422d50e8bcb629acb87,Will Edwards,Essendon Bombers,K-DEF,,,
afl-player-v1-43045f12f382767201cd,Brandon Zerk-Thatcher,Free agents,K-DEF,,,
afl-player-v1-fafdbcbe6d6e92c5a664,Caleb Graham,Free agents,K-DEF,,,
afl-player-v1-bf7db2461bd138a98def,Cooper Bell,Free agents,K-DEF,,,
afl-player-v1-7555fe54ff67c19818b0,Darragh Joyce,Free agents,K-DEF,,,
afl-player-v1-5b1f208d8c295adb9db7,James Blanck,Free agents,K-DEF,,,
afl-player-v1-a1eb647f11192890abda,Joel Hamling,Free agents,K-DEF,,,
afl-player-v1-44edbd90969b5c4373c3,Oscar Berry,Free agents,K-DEF,,,
afl-player-v1-449b339597a1555d5372,Oscar McDonald,Free agents,K-DEF,,,
afl-player-v1-9978daa48563b378b50f,Ryan Gardner,Free agents,K-DEF,,,
afl-player-v1-ac916c5a414684518bb0,Toby Pink,Free agents,K-DEF,,,
afl-player-v1-05a96e95396f8da03c89,Xavier Walsh,Free agents,K-DEF,,,
afl-player-v1-df6adfebbf5e3baac9a4,Blake Thredgold,Fremantle Dockers,K-DEF,,,
afl-player-v1-e961f98e3ca95449c021,James Borlase,Fremantle Dockers,K-DEF,,,
afl-player-v1-49b2f47645c8cd4d1be0,Jordon Butts,Fremantle Dockers,K-DEF,,,
afl-player-v1-f454cdc57bca55f25e29,Nick Murray,Fremantle Dockers,K-DEF,,,
afl-player-v1-5687d8e6e904034d48c6,Will Darcy,Fremantle Dockers,K-DEF,,,
afl-player-v1-e30dbe4081998f54d1c8,Zane Zakostelsky,Fremantle Dockers,K-DEF,,,
afl-player-v1-4296b7b2f29741debd64,Aidan Corr,Geelong Cats,K-DEF,,,
afl-player-v1-e8789b39cd0b6f475b7d,Alex Pearce,Geelong Cats,K-DEF,,,
afl-player-v1-58e657a00852c21c0ddf,Darcy Gardiner,Geelong Cats,K-DEF,,,
afl-player-v1-798ef99c1a224797383e,Harrison Petty,Geelong Cats,K-DEF,,,
afl-player-v1-50b72fbfc63ab0190926,Jack Henry,Geelong Cats,K-DEF,,,
afl-player-v1-b1dc7c77c2ab6e66207d,Sam De Koning,Geelong Cats,K-DEF,,,
afl-player-v1-3c835dd107884340772b,Tom McDonald,Geelong Cats,K-DEF,,,
afl-player-v1-da27734b8bd79dd7b863,Harry Dean,Hawthorn Hawks,K-DEF,,,
afl-player-v1-31e578d176cea17362ff,Hugh Davies,Hawthorn Hawks,K-DEF,,,
afl-player-v1-8cc48a4ee93f1e9d1dff,Joel Cochran,Hawthorn Hawks,K-DEF,,,
afl-player-v1-ea08f8634f12c893cac8,Patrick Snell,Hawthorn Hawks,K-DEF,,,
afl-player-v1-232fe142fd503fe9ba47,Zach Reid,Hawthorn Hawks,K-DEF,,,
afl-player-v1-c35c6e7ab177db461973,Jed Adams,Melbourne Demons,K-DEF,,,
afl-player-v1-9f436a208f537d5d8e7e,Noah Mraz,Melbourne Demons,K-DEF,,,
afl-player-v1-413b1edfe188fa8c778c,Reuben Ginbey,Melbourne Demons,K-DEF,,,
afl-player-v1-331b344b0d63646c51eb,Aliir Aliir,North Melbourne Kangaroos,K-DEF,,,
afl-player-v1-126dfd2722f326d411fd,Callum Wilkie,North Melbourne Kangaroos,K-DEF,,,
afl-player-v1-25baa6b755b2b922bf78,James Barrat,North Melbourne Kangaroos,K-DEF,,,
afl-player-v1-6f5aa4b28abbf250bdc8,Liam Puncher,North Melbourne Kangaroos,K-DEF,,,
afl-player-v1-47fc3fea377757910ec4,Reef McInnes,North Melbourne Kangaroos,K-DEF,,,
afl-player-v1-857aa1779d3df97c9dfc,Sam Taylor,North Melbourne Kangaroos,K-DEF,,,
afl-player-v1-185b7da86ed41cfa157e,Dougal Howard,Port Adelaide Power,K-DEF,,,
afl-player-v1-065355e7e85a5ced14d4,Jake Kolodjashnij,Port Adelaide Power,K-DEF,,,
afl-player-v1-ae0a6dee92e088eeb71e,Leek Aleer,Port Adelaide Power,K-DEF,,,
afl-player-v1-eb27d6dadeb1a9bc5774,Riak Andrew,Port Adelaide Power,K-DEF,,,
afl-player-v1-e354e8f4a32723da0375,Rory Lobb,Port Adelaide Power,K-DEF,,,
afl-player-v1-c3e6e956e025b6662560,Griffin Logue,Richmond Tigers,K-DEF,,,
afl-player-v1-cedb99d3423baacfe787,James O'Donnell,Richmond Tigers,K-DEF,,,
afl-player-v1-7d7158ee81a3adbb37f2,Tylar Young,Richmond Tigers,K-DEF,,,
afl-player-v1-b2c20ab6820a656f1945,Charlie Comben,St Kilda Saints,K-DEF,,,
afl-player-v1-ed61fefae906a87f47d7,Harry Edwards,St Kilda Saints,K-DEF,,,
afl-player-v1-25521d7a372d9e865f2f,Jacob Weitering,St Kilda Saints,K-DEF,,,
afl-player-v1-b6c5a9b9541eb90c22ac,Ollie Murphy,St Kilda Saints,K-DEF,,,
afl-player-v1-d67bc7b09cde11708fcd,Samuel Collins,St Kilda Saints,K-DEF,,,
afl-player-v1-b75b9dd65a15a8ffab49,Ben Miller,Sydney Swans,K-DEF,,,
afl-player-v1-445f7f59f6834b843fec,Brennan Cox,Sydney Swans,K-DEF,,,
afl-player-v1-ffb1fcaf3d8453c8fb87,Harry O'Farrell,Sydney Swans,K-DEF,,,
afl-player-v1-ac26f9acafae5ca8384a,Ryan Lester,Sydney Swans,K-DEF,,,
afl-player-v1-0b6733fa38a15da624bc,Sandy Brock,Sydney Swans,K-DEF,,,
afl-player-v1-109270d490b83c704afb,Tom McCartin,Sydney Swans,K-DEF,,,
afl-player-v1-fa34fb409dec46427a9a,Ben McKay,West Coast Eagles,K-DEF,,,
afl-player-v1-6bfc71843f2ecd457c94,Daniel Turner,West Coast Eagles,K-DEF,,,
afl-player-v1-d151854cdb94fdf87f61,Jayden Laverde,West Coast Eagles,K-DEF,,,
afl-player-v1-fcb11713300f463bd31a,Josh Battle,West Coast Eagles,K-DEF,,,
afl-player-v1-cc78415bed17cab3d6d7,Lachlan Blakiston,West Coast Eagles,K-DEF,,,
afl-player-v1-adec4d952bcbc52767f5,Alix Tauru,Western Bulldogs,K-DEF,,,
afl-player-v1-6cade3f7f33048badf28,Connor O'Sullivan,Western Bulldogs,K-DEF,,,
afl-player-v1-9b35e246d25b14d3c682,Lewis Hayes,Western Bulldogs,K-DEF,,,
afl-player-v1-62d2d5acac0d15a15a79,Mac Andrew,Western Bulldogs,K-DEF,,,
afl-player-v1-72c73d5280805d2ddd58,Wade Derksen,Western Bulldogs,K-DEF,,,
afl-player-v1-a9f80c63a274e4e1bbb3,Charlie Curnow,Adelaide Crows,K-FWD,,,
afl-player-v1-49e7841acad14b2e2383,Cooper Sharman,Adelaide Crows,K-FWD,,,
afl-player-v1-f51ef64a2881f2ca2690,Matt Whitlock,Adelaide Crows,K-FWD,K-DEF,50%,
afl-player-v1-98f25927e2518d84b035,Noah Balta,Adelaide Crows,K-FWD,,,
afl-player-v1-762b0db67968a431f13b,Sam Darcy,Adelaide Crows,K-FWD,,,
afl-player-v1-5bb790d99ccfd80d2422,Toby Murray,Adelaide Crows,K-FWD,,,
afl-player-v1-362f152fd27e70a71f51,Todd Marshall,Adelaide Crows,K-FWD,K-DEF,20%,
afl-player-v1-2f78d22f48bc1dcda5da,Tom Lynch,Adelaide Crows,K-FWD,,,
afl-player-v1-d81b5ca8e2ca0494ccfa,Ty Gallop,Adelaide Crows,K-FWD,K-DEF,40%,
afl-player-v1-221530aa5e5039c05e58,Brody Mihocek,Brisbane Lions,K-FWD,,,
afl-player-v1-96295534a1df94d2044b,Daniel McStay,Brisbane Lions,K-FWD,,,
afl-player-v1-b6a02cc47fed6efaa8c1,Eric Hipwood,Brisbane Lions,K-FWD,,,
afl-player-v1-f34b7fe71316041c9e20,Jamarra Ugle-Hagan,Brisbane Lions,K-FWD,,,
afl-player-v1-daa646e163644de88154,Nick Larkey,Brisbane Lions,K-FWD,,,
afl-player-v1-185c557fce56e14bdfd8,Jonty Faull,Carlton Blues,K-FWD,,,
afl-player-v1-725861673894096d4885,Liam Fawcett,Carlton Blues,K-FWD,,,
afl-player-v1-e6a21ffc57987919564e,Luker Kentfield,Carlton Blues,K-FWD,,,
afl-player-v1-d3c8074362c09f68d3b3,Matthew Jefferson,Carlton Blues,K-FWD,,,
afl-player-v1-7ba5a1ae80798c88d4a4,Mykelti Lefau,Carlton Blues,K-FWD,,,
afl-player-v1-00338d87a98ae8165ce5,Oscar Allen,Carlton Blues,K-FWD,,,
afl-player-v1-0c5db9d8bac56d9b7fa4,Anthony Caminiti,Collingwood Magpies,K-FWD,,,
afl-player-v1-d03a41a0d6c2f19380f3,Calsher Dear,Collingwood Magpies,K-FWD,,,
afl-player-v1-54c87b7338a49c5e610e,Joel Amartey,Collingwood Magpies,K-FWD,,,
afl-player-v1-aab7f573ab4711511c48,Jye Amiss,Collingwood Magpies,K-FWD,,,
afl-player-v1-514bd6a202ed9e0c5ec5,Mabior Chol,Collingwood Magpies,K-FWD,,,
afl-player-v1-18eaf6797d5fb90f0f52,Jack Lukosius,Essendon Bombers,K-FWD,,,
afl-player-v1-71d7f1dcea6726aa730c,Jacob Van Rooyen,Essendon Bombers,K-FWD,,,
afl-player-v1-3fa9040b66b98c844502,Kalani White,Essendon Bombers,K-FWD,,,
afl-player-v1-38abe5a7440120376727,Logan McDonald,Essendon Bombers,K-FWD,,,
afl-player-v1-e2da1b01bb1f552e8dcf,Max Gruzewski,Essendon Bombers,K-FWD,,,
afl-player-v1-4d27655cd6fbc59ff72e,Nate Caddy,Essendon Bombers,K-FWD,,,
afl-player-v1-a6ca86baae9b97711590,Nikolas Cox,Essendon Bombers,K-FWD,,,
afl-player-v1-eabf1f78acbf56714425,Noah Howes,Essendon Bombers,K-FWD,,,
afl-player-v1-0a02f9846d125256999b,Aidan Johnson,Free agents,K-FWD,,,
afl-player-v1-e282f2d56c5a18a5f8a7,Caleb Lewis,Free agents,K-FWD,,,
afl-player-v1-17f0b755996b041b69f4,Callum Coleman-Jones,Free agents,K-FWD,,,
afl-player-v1-a1ee363298e454ebcca4,Elliott Himmelberg,Free agents,K-FWD,,,
afl-player-v1-f7dc5d1887383e694d56,Harrison Jones,Free agents,K-FWD,,,
afl-player-v1-6a3381cd7e6ab7ef3151,Jake Melksham,Free agents,K-FWD,,,
afl-player-v1-817e9e2a5551e5eeebe2,Jy Farrar,Free agents,K-FWD,,,
afl-player-v1-4089c1bea0a3694d9ca3,Liam McMahon,Free agents,K-FWD,,,
afl-player-v1-191d7ba9aeb6eac18da2,Luke Lloyd,Free agents,K-DEF,K-FWD,50%,
afl-player-v1-c04d11ebfbfcc241e844,Tom Edwards,Free agents,K-FWD,,,
afl-player-v1-1bb3cfdf101d072c0ae7,Aidan Schubert,Fremantle Dockers,K-FWD,,,
afl-player-v1-d5ca041c63ab84bc8fd8,Archie Ludowyke,Fremantle Dockers,K-FWD,,,
afl-player-v1-966ce678436f2d41e439,Cooper Duff-Tytler,Fremantle Dockers,K-FWD,,,
afl-player-v1-9009569a6aa68960feab,Jack Buller,Fremantle Dockers,K-FWD,,,
afl-player-v1-bb01c9f6889afb0144ab,Jack Whitlock,Fremantle Dockers,K-FWD,,,
afl-player-v1-d78ebe273b15b799f55d,Jacob Moss,Fremantle Dockers,K-FWD,,,
afl-player-v1-207f960a5e53d1f28d1a,Kayle Gerreyn,Fremantle Dockers,K-FWD,,,
afl-player-v1-c70559b9eceef976b9ab,Patrick Voss,Fremantle Dockers,K-FWD,,,
afl-player-v1-8206dd775d932c66ff19,Brodie Kemp,Geelong Cats,K-FWD,K-DEF,30%,
afl-player-v1-866c8b33dd97c0e25d31,Finnbar Maley,Geelong Cats,K-FWD,,,
afl-player-v1-5ded124c3073357f49b3,Mason Cox,Geelong Cats,K-FWD,,,
afl-player-v1-945c3ad0f520c0dd489a,Shannon Neale,Geelong Cats,K-FWD,,,
afl-player-v1-9d55ae026e35b795f6a5,Taylor Walker,Geelong Cats,K-FWD,,,
afl-player-v1-6437310147a94494220e,Charlie Nicholls,Hawthorn Hawks,K-FWD,,,
afl-player-v1-b25724f0e722db813620,Harry Armstrong,Hawthorn Hawks,K-FWD,,,
afl-player-v1-cd63e2915e6b25ca73ac,Henry Smith,Hawthorn Hawks,K-FWD,,,
afl-player-v1-95af5298742f272f5f62,Isaac Keeler,Hawthorn Hawks,K-FWD,,,
afl-player-v1-b2ca097d0f41f5514c69,Jordan Croft,Hawthorn Hawks,K-FWD,,,
afl-player-v1-f2d8efef518ca2749612,Max King,Hawthorn Hawks,K-FWD,,,
afl-player-v1-a90d32b3027114a2544b,Max Ramsden,Hawthorn Hawks,K-FWD,,,
afl-player-v1-d918d8964003f39a3025,Mitch Podhajski,Hawthorn Hawks,K-FWD,,,
afl-player-v1-4d39af42b1b14e098249,Mitchell Marsh,Hawthorn Hawks,K-FWD,,,
afl-player-v1-9fd2c97e984a4411497b,Thomas Sims,Hawthorn Hawks,K-FWD,,,
afl-player-v1-67e6cade08e751a52e59,William McCabe,Hawthorn Hawks,K-FWD,K-DEF,50%,
afl-player-v1-5543420881712362758e,Archer Reid,Melbourne Demons,K-FWD,,,
afl-player-v1-93af76d76893cb9f86c7,Jack Williams,Melbourne Demons,K-FWD,,,
afl-player-v1-b45c2bd338bff627435e,Jed Walter,Melbourne Demons,K-FWD,,,
afl-player-v1-a2337d2b6345bdb9ed5e,Riley Thilthorpe,Melbourne Demons,K-FWD,,,
afl-player-v1-e835a8155b9ccf6abc14,Tyler Welsh,Melbourne Demons,K-FWD,,,
afl-player-v1-1cae4209fbd31b79c45d,Jack Darling,North Melbourne Kangaroos,K-FWD,,,
afl-player-v1-506436b19e84af368956,Jeremy Cameron,North Melbourne Kangaroos,K-FWD,,,
afl-player-v1-55d24843de9c3958ab7b,Mitch Georgiades,North Melbourne Kangaroos,K-FWD,,,
afl-player-v1-f24a5a22059c4d196165,Mitchell Lewis,North Melbourne Kangaroos,K-FWD,,,
afl-player-v1-258d2d81770b23a2a512,Darcy Fogarty,Port Adelaide Power,K-FWD,,,
afl-player-v1-6c5aa145c8e6f090ccf2,Jake Riccardi,Port Adelaide Power,K-FWD,,,
afl-player-v1-45d37b36c6b9d3a5acd2,Jesse Hogan,Port Adelaide Power,K-FWD,,,
afl-player-v1-bae70ee809d6cfc18464,Peter Wright,Port Adelaide Power,K-FWD,,,
afl-player-v1-2f8f4a2bfa1014ab44a3,Tim Membrey,Port Adelaide Power,K-FWD,,,
afl-player-v1-4e4aba980a507c437f78,Aaron Cadman,Richmond Tigers,K-FWD,,,
afl-player-v1-4c67f2beca06a7bc6443,Cooper Trembath,Richmond Tigers,K-FWD,,,
afl-player-v1-2245a2e1f23e42eee60f,Hayden McLean,Richmond Tigers,K-FWD,,,
afl-player-v1-fdb2a94cef6232ae9d2f,Cody Curtin,St Kilda Saints,K-FWD,,,
afl-player-v1-a41bad0097cfdf996c85,Ethan Read,St Kilda Saints,K-FWD,,,
afl-player-v1-5efcadd8aa7f4d9cd988,Harry McKay,St Kilda Saints,K-FWD,,,
afl-player-v1-eca8e041dc707b948831,Jack Gunston,St Kilda Saints,K-FWD,,,
afl-player-v1-32a991d4c02188914ecf,Kyle Langford,St Kilda Saints,K-FWD,,,
afl-player-v1-31584a51caeba8f403f7,Liam Hetherton,St Kilda Saints,K-FWD,,,
afl-player-v1-8f3aa1080752eb0e534b,Aaron Naughton,Sydney Swans,K-FWD,,,
afl-player-v1-8aa63d4c934e87e4fb62,Ben King,Sydney Swans,K-FWD,,,
afl-player-v1-65668cce074d71131911,Logan Morris,Sydney Swans,K-FWD,,,
afl-player-v1-01667c9cd5c02dca5a97,Will Lewis,Sydney Swans,K-FWD,,,
afl-player-v1-5dabae98d4a977b6dfc7,Jake Waterman,West Coast Eagles,K-FWD,,,
afl-player-v1-401083e67cc655ae73fb,Josh Treacy,West Coast Eagles,K-FWD,,,
afl-player-v1-c8794f93f4aae9611841,Ollie Lord,West Coast Eagles,K-FWD,,,
afl-player-v1-f1dd0d74e23a537ae659,Zac McCarthy,West Coast Eagles,K-FWD,,,
afl-player-v1-1aa8748ab5223765d500,Archie May,Western Bulldogs,K-FWD,,,
afl-player-v1-d188bb0f21cc85bbd788,Charlie West,Western Bulldogs,K-FWD,,,
afl-player-v1-3e25b9575d8de3b0cac2,Hudson O'Keeffe,Western Bulldogs,K-FWD,,,
afl-player-v1-c6a461bc214b4d48ca46,Jobe Shanahan,Western Bulldogs,K-FWD,,,
afl-player-v1-8ac286831260b0b7d6fc,Mitchito Owens,Western Bulldogs,K-FWD,,,
afl-player-v1-87957120b42751e30451,Adam Cerra,Adelaide Crows,MID,G-DEF,25%,
afl-player-v1-03ee55a3db4377aa7023,Connor Rozee,Adelaide Crows,MID,G-DEF,35%,
afl-player-v1-ab850e133d188f1c21e4,Harry Schoenberg,Adelaide Crows,MID,,,
afl-player-v1-93cd917e2b3a67c6c674,Jack Watkins,Adelaide Crows,MID,,,
afl-player-v1-173e2cb4e5ec4e8583c7,James Jordon,Adelaide Crows,MID,G-FWD,80%,
afl-player-v1-29620638cdab9bcb2a83,Joshua Kelly,Adelaide Crows,MID,,,
afl-player-v1-9753c5a65f8ab7ff3101,Matt Cottrell,Adelaide Crows,MID,,,
afl-player-v1-225c5c03a81a8580efd3,Sam Flanders,Adelaide Crows,MID,G-DEF,30%,
afl-player-v1-c0e33467ecaecc45a77a,Willem Drew,Adelaide Crows,MID,,,
afl-player-v1-af797315ad896038d6ad,Blake Acres,Brisbane Lions,MID,,,
afl-player-v1-7a92c744fa1e8422082f,Brayden Fiorini,Brisbane Lions,MID,,,
afl-player-v1-a59a02296416446ba7a4,Jack Bowes,Brisbane Lions,MID,G-DEF,30%,
afl-player-v1-ab46ab2b7dfa76067fbb,Jaeger O'Meara,Brisbane Lions,MID,,,
afl-player-v1-12db94dd106d8c37bd22,Jye Caldwell,Brisbane Lions,MID,,,
afl-player-v1-a9361201965061c8f4a0,Lachlan Weller,Brisbane Lions,MID,,,
afl-player-v1-3e40163dcc0b002a3106,Mattaes Phillipou,Brisbane Lions,MID,G-FWD,75%,
afl-player-v1-3a6df4b9ca059308ea0d,Nasiah Wanganeen-Milera,Brisbane Lions,MID,G-DEF,75%,
afl-player-v1-f19f835c12df6ed8917b,Ned Long,Brisbane Lions,MID,G-FWD,30%,
afl-player-v1-38775e374c8599ccc338,Paddy Dow,Brisbane Lions,MID,,,
afl-player-v1-77a1b0f46d9b5f8726c7,Sam Walsh,Brisbane Lions,MID,,,
afl-player-v1-94cc915f2822092427ea,Tanner Bruhn,Brisbane Lions,MID,G-DEF,50%,
afl-player-v1-6b93a2ceea43974fa1bd,Will Brodie,Brisbane Lions,MID,,,
afl-player-v1-8a3c5b55484488853e0b,Will Setterfield,Brisbane Lions,MID,,,
afl-player-v1-308ccebe1548de60b409,Errol Gulden,Carlton Blues,MID,,,
afl-player-v1-02d79c04dde5aa58aa26,Fred Rodriguez,Carlton Blues,MID,,,
afl-player-v1-532c3fce5e3300d3a2f1,Harry DeMattia,Carlton Blues,MID,,,
afl-player-v1-12cd1c01b93b2d5a4f47,Harry Rowston,Carlton Blues,MID,,,
afl-player-v1-d12a2f85b92e8396e034,Harry Sheezel,Carlton Blues,MID,,,
afl-player-v1-0a662f343237df662272,Jake Soligo,Carlton Blues,MID,G-FWD,30%,
afl-player-v1-24f687ff17ab96929229,Josh Smillie,Carlton Blues,MID,,,
afl-player-v1-3651e562d369a0c13ec4,Justin McInerney,Carlton Blues,MID,,,
afl-player-v1-e1a1f6f52497c7936b03,Kane McAuliffe,Carlton Blues,MID,,,
afl-player-v1-0fa22cd878479f034b34,Koby Coulson,Carlton Blues,MID,,,
afl-player-v1-dbcfd02a2c1fe7172bcd,Matt Johnson,Carlton Blues,MID,,,
afl-player-v1-c809cc39851ac68c9a8e,Patrick Retschko,Carlton Blues,MID,,,
afl-player-v1-234a98bedf9e30668ee1,Sam Cumming,Carlton Blues,MID,,,
afl-player-v1-b797a7fefb7394990338,Sam Lalor,Carlton Blues,MID,G-FWD,75%,
afl-player-v1-12cdb476c70ab6740733,Will Ashcroft,Carlton Blues,MID,,,
afl-player-v1-2208c3991369c533d843,Clay Hall,Collingwood Magpies,MID,,,
afl-player-v1-e0ceb17af75166c18ba6,Darcy Parish,Collingwood Magpies,MID,,,
afl-player-v1-fe72527f019221062fb2,Finn O'Sullivan,Collingwood Magpies,MID,,,
afl-player-v1-5b8118da3443defd550c,Hamish Davis,Collingwood Magpies,MID,,,
afl-player-v1-4a55aae7811189362c4a,Jack Ross,Collingwood Magpies,MID,,,
afl-player-v1-33f13e3f7a2a5dfdd21c,James Peatling,Collingwood Magpies,MID,,,
afl-player-v1-a7f32f55b2de8df8a3aa,Jeremy Sharp,Collingwood Magpies,MID,,,
afl-player-v1-572eab5dc72e3289b808,Jy Simpkin,Collingwood Magpies,MID,G-FWD,50%,
afl-player-v1-1d1e35bfd48a45849e03,Matt Rowell,Collingwood Magpies,MID,,,
afl-player-v1-896343cd9a0c539cb6e0,Samuel Grlj,Collingwood Magpies,MID,G-DEF,20%,
afl-player-v1-db88060ca4ea6c950bdf,Billy Cootee,Essendon Bombers,MID,,,
afl-player-v1-5303c488741249f3d485,Campbell Chesser,Essendon Bombers,MID,,,
afl-player-v1-fd0092d26b0a422f8f77,Dylan Stephens,Essendon Bombers,MID,,,
afl-player-v1-172361cf97bb47a65030,Hayden Young,Essendon Bombers,MID,G-FWD,25%,
afl-player-v1-a8c15dd580fe0f3312b6,Josh Ward,Essendon Bombers,MID,,,
afl-player-v1-f3c64c36039d81bd8c9b,Levi Ashcroft,Essendon Bombers,MID,,,
afl-player-v1-70e2d14ebd8405ca773d,Nathan O'Driscoll,Essendon Bombers,MID,,,
afl-player-v1-9ae326b5449328a2e0de,Neil Erasmus,Essendon Bombers,MID,,,
afl-player-v1-72d1e9ef09766768bcd4,Samuel Swadling,Essendon Bombers,MID,,,
afl-player-v1-f2cb672f595be33fd283,Tom Green,Essendon Bombers,MID,,,
afl-player-v1-19af711156146e5fdfa9,Tyler Sonsie,Essendon Bombers,MID,G-FWD,75%,
afl-player-v1-07c750d057076538133f,Bailey Scott,Free agents,MID,,,
afl-player-v1-1bc1a35b5acb7c659494,Ben Jepson,Free agents,MID,,,
afl-player-v1-27b21d716a174d3d7a69,Chayce Jones,Free agents,MID,,,
afl-player-v1-ab5dd715f4f33e75a9f8,James Tunstill,Free agents,MID,,,
afl-player-v1-1743f45ca1b92f8fcc22,Lachlan Sholl,Free agents,MID,,,
afl-player-v1-04a9ccd2af626ff315a2,Reece Torrent,Free agents,MID,,,
afl-player-v1-7eaa6baad537022a4c42,Zak Evans,Free agents,MID,,,
afl-player-v1-3d6217d573e09fb1f436,Beau Addinsall,Fremantle Dockers,MID,,,
afl-player-v1-dbc852c795d95f09852a,Ben Camporeale,Fremantle Dockers,MID,,,
afl-player-v1-f7ee4c5cee3db83cf90b,Cooper Hynes,Fremantle Dockers,MID,G-FWD,30%,
afl-player-v1-a5b652e10f1562485b41,Daniel Annable,Fremantle Dockers,MID,,,
afl-player-v1-62148c46129794e49893,Dyson Sharp,Fremantle Dockers,MID,G-FWD,10%,
afl-player-v1-14d8cbd7324c66aac70c,Harley Barker,Fremantle Dockers,MID,,,
afl-player-v1-d6ed32b0c0d14bdc9e91,Harvey Langford,Fremantle Dockers,MID,,,
afl-player-v1-eabbae6380ed2ba8edf0,Hunter Holmes,Fremantle Dockers,MID,,,
afl-player-v1-853be14ce453ff08eabb,Jagga Smith,Fremantle Dockers,MID,,,
afl-player-v1-225291ffe5be1a04069a,Jai Murray,Fremantle Dockers,MID,,,
afl-player-v1-beade612d1fba85a3b4a,Lucas Camporeale,Fremantle Dockers,MID,,,
afl-player-v1-558aaadecc21bf1b2489,Oliver Francou,Fremantle Dockers,MID,,,
afl-player-v1-b80306d235d7edf322ad,Sullivan Robey,Fremantle Dockers,MID,G-FWD,35%,
afl-player-v1-06d57f98203becdb27a7,Tyan Prindable,Fremantle Dockers,MID,,,
afl-player-v1-0eb1e4c909a009f45d6e,Willem Duursma,Fremantle Dockers,MID,,,
afl-player-v1-729b0a603a18a0d56369,Bailey Smith,Geelong Cats,MID,,,
afl-player-v1-0003b04679076982c85a,Finlay Macrae,Geelong Cats,MID,,,
afl-player-v1-1c150e0d509e17a4deac,Jason Horne-Francis,Geelong Cats,MID,G-FWD,25%,
afl-player-v1-5da25d5d202bbfbd2a53,Jesse Mellor,Geelong Cats,MID,,,
afl-player-v1-066fee6e9d9da612b305,Jhye Clark,Geelong Cats,MID,G-FWD,20%,
afl-player-v1-93e4a53a9859611bd616,Josh Dunkley,Geelong Cats,MID,,,
afl-player-v1-96e4afac65663a792290,Mark Blicavs,Geelong Cats,MID,,,
afl-player-v1-ae71cd9397d333f81257,Massimo D'Ambrosio,Geelong Cats,MID,,,
afl-player-v1-41dcbd971cb800328d08,Max Holmes,Geelong Cats,MID,G-DEF,40%,
afl-player-v1-7424aadbc9d795413bb8,Ollie Dempsey,Geelong Cats,MID,,,
afl-player-v1-e77509535621c2f18fc4,Riley Onley,Geelong Cats,MID,,,
afl-player-v1-c61603f67b0ce6706e05,Touk Miller,Geelong Cats,MID,,,
afl-player-v1-c653d76482fdb79e1ef0,Zak Butters,Geelong Cats,MID,,,
afl-player-v1-e3101fd43facb6870d9a,Charlie Edwards,Hawthorn Hawks,MID,G-DEF,30%,
afl-player-v1-1567c17ff91df73eaaa2,Cody Angove,Hawthorn Hawks,MID,G-FWD,40%,
afl-player-v1-e96690ef130d34b1cb13,Kye Fincher,Hawthorn Hawks,MID,,,
afl-player-v1-5aa354b3399ef0643a4f,Matthew LeRay,Hawthorn Hawks,MID,,,
afl-player-v1-28bb25f3b0444604b010,Ollie Greeves,Hawthorn Hawks,MID,G-FWD,25%,
afl-player-v1-608669769f22160e551f,Ryan Angwin,Hawthorn Hawks,MID,,,
afl-player-v1-e902ab3fc23a7170ff83,Taj Hotton,Hawthorn Hawks,MID,G-FWD,50%,
afl-player-v1-87e4c971ec1689a965d6,Charlie Banfield,Melbourne Demons,MID,,,
afl-player-v1-ed3e4aafc7efc030fed6,Daniel Curtin,Melbourne Demons,MID,K-DEF,30%,
afl-player-v1-eb806190ff707f002a41,Deven Robertson,Melbourne Demons,MID,,,
afl-player-v1-67f3229c73d8afdd447b,Elijah Hewett,Melbourne Demons,MID,G-FWD,10%,
afl-player-v1-00738d7373930be4d45d,Elijah Tsatas,Melbourne Demons,MID,,,
afl-player-v1-678c7cda11ddaff2aa8a,Finn Callaghan,Melbourne Demons,MID,,,
afl-player-v1-a0c3571f3dfb3a833c8f,Harley Reid,Melbourne Demons,MID,,,
afl-player-v1-cc6cc6ea7d2d64ef0a59,Hugh Boxshall,Melbourne Demons,MID,,,
afl-player-v1-b533bd1598258d5a0a6a,Jack Hutchinson,Melbourne Demons,MID,,,
afl-player-v1-05fc64bf74c2bf8c3d92,Luke Urquhart,Melbourne Demons,MID,,,
afl-player-v1-289911b71c417a06fb30,Nicholas Martin,Melbourne Demons,MID,G-FWD,30%,
afl-player-v1-384fa24082f2e4292c71,Sid Draper,Melbourne Demons,MID,,,
afl-player-v1-49320c2b53b16d7c4195,Tom Gross,Melbourne Demons,MID,,,
afl-player-v1-8a57f5aab690623a7315,Angus Anderson,North Melbourne Kangaroos,MID,G-FWD,50%,
afl-player-v1-e92e7da190d06a68ff04,Brayden Cook,North Melbourne Kangaroos,MID,G-FWD,20%,
afl-player-v1-eea2bfc12fe6f4414f7c,Bruce Reville,North Melbourne Kangaroos,MID,,,
afl-player-v1-95e6edb27f0d4ea676f1,Chad Warner,North Melbourne Kangaroos,MID,G-FWD,20%,
afl-player-v1-614cf30f246427aac1aa,Clayton Oliver,North Melbourne Kangaroos,MID,,,
afl-player-v1-5ffdbf36d1697aac7ef8,Elliot Yeo,North Melbourne Kangaroos,MID,G-FWD,90%,
afl-player-v1-2bfc39e2c55e976cdb57,Jack Crisp,North Melbourne Kangaroos,MID,,,
afl-player-v1-84472fabe62000830bfb,Jack Viney,North Melbourne Kangaroos,MID,,,
afl-player-v1-9f218ad5a6a2be1b4a35,Luke Kennedy,North Melbourne Kangaroos,MID,G-FWD,20%,
afl-player-v1-7ef419f8d3794f401551,Mani Liddy,North Melbourne Kangaroos,MID,,,
afl-player-v1-25c90ee89147d316c6b8,Nick Daicos,North Melbourne Kangaroos,MID,,,
afl-player-v1-451494af145a38fdb298,Roan Steele,North Melbourne Kangaroos,MID,,,
afl-player-v1-7330b581090f31547712,Scott Pendlebury,North Melbourne Kangaroos,MID,,,
afl-player-v1-b47e5cb1968d77000570,Xavier Duursma,North Melbourne Kangaroos,MID,,,
afl-player-v1-b8d47d2584af7bc76166,George Hewett,Port Adelaide Power,MID,,,
afl-player-v1-52c235aa590e898085a2,Hugo Ralphsmith,Port Adelaide Power,MID,,,
afl-player-v1-7f1a97e8d1d17bed7d0a,Jack Graham,Port Adelaide Power,MID,G-FWD,25%,
afl-player-v1-57dca48502d181a8ae5e,Jack Steele,Port Adelaide Power,MID,,,
afl-player-v1-c01448b8c1a9d2ca5862,James Worpel,Port Adelaide Power,MID,,,
afl-player-v1-8a0b76cec5160934fed4,Luke Beecken,Port Adelaide Power,MID,,,
afl-player-v1-c9130ccf04e0cd0474b0,Nick Driscoll,Port Adelaide Power,MID,G-FWD,90%,
afl-player-v1-3c4dfebabc0d54a341af,Patrick Cripps,Port Adelaide Power,MID,,,
afl-player-v1-7fa57669a2ceda593183,Stephen Coniglio,Port Adelaide Power,MID,G-FWD,50%,
afl-player-v1-9900e16ea0f47957de5c,Tom Atkins,Port Adelaide Power,MID,,,
afl-player-v1-64ab25bfb0ad8838d8f5,Christian Moraes,Richmond Tigers,MID,,,
afl-player-v1-ec36ae407a5d9b9384e1,Colby McKercher,Richmond Tigers,MID,G-DEF,20%,
afl-player-v1-5d5b047e5ea5f9951808,Edward Allan,Richmond Tigers,MID,,,
afl-player-v1-02380b2ddf7c0a01c83c,George Wardlaw,Richmond Tigers,MID,,,
afl-player-v1-99cd1b9af96b0e365ae8,Henry Hustwaite,Richmond Tigers,MID,,,
afl-player-v1-8386ecd55aded8f8e1ab,Luke Davies-Uniacke,Richmond Tigers,MID,,,
afl-player-v1-12bb68135bc18d700f1f,Mitchell Knevitt,Richmond Tigers,MID,,,
afl-player-v1-98009763e49092307d27,Noah Anderson,Richmond Tigers,MID,,,
afl-player-v1-db32b01dc9266718b9db,Will Day,Richmond Tigers,MID,,,
afl-player-v1-864a3f3dc5570a8b459a,Will Lorenz,Richmond Tigers,MID,,,
afl-player-v1-ae2d3d03fdab9cf63599,Andrew Brayshaw,St Kilda Saints,MID,,,
afl-player-v1-b9ea3f3086273085ef4e,Ed Richards,St Kilda Saints,MID,,,
afl-player-v1-372fce270dfdd53f2676,George Stevens,St Kilda Saints,MID,,,
afl-player-v1-f148d9edfdf14e89802c,Harry Morrison,St Kilda Saints,MID,,,
afl-player-v1-da2d4125164141ff0084,Jackson Macrae,St Kilda Saints,MID,,,
afl-player-v1-fdbc309b0faa58c33480,Matthew Kennedy,St Kilda Saints,MID,,,
afl-player-v1-d4700d975a94bf33dfbb,Oliver Wines,St Kilda Saints,MID,,,
afl-player-v1-438c94669f1f15473874,Ryan Maric,St Kilda Saints,MID,G-DEF,50%,
afl-player-v1-f7adb7c2cf1d0b3af926,Tim Kelly,St Kilda Saints,MID,,,
afl-player-v1-f6a31f144b76f71804c8,Conor Nash,Sydney Swans,MID,,,
afl-player-v1-7fe8fd54753702fa0287,Dion Prestia,Sydney Swans,MID,,,
afl-player-v1-9d50f14efc8f49c09e12,Jacob Hopper,Sydney Swans,MID,,,
afl-player-v1-70f3ca3303c30ee97d8e,James Rowbottom,Sydney Swans,MID,G-FWD,20%,
afl-player-v1-4c39c245f4e41e17565b,Jarrod Berry,Sydney Swans,MID,,,
afl-player-v1-c090106f7ba6dd9b3e4f,Joel Fitzgerald,Sydney Swans,MID,,,
afl-player-v1-d16ccdb3fe877363eb06,Lachie Neale,Sydney Swans,MID,,,
afl-player-v1-5691b6e2d0faf55f8715,Ryley Sanders,Sydney Swans,MID,,,
afl-player-v1-5aad4aa1e2445dd70350,Sam Allen,Sydney Swans,MID,,,
afl-player-v1-212726adeb014d2063cf,Sam Berry,Sydney Swans,MID,,,
afl-player-v1-363a1efca11403c36771,Sam Clohesy,Sydney Swans,MID,,,
afl-player-v1-255d45ce53af9a6a07e4,Tom Sparrow,Sydney Swans,MID,G-FWD,10%,
afl-player-v1-f4e0edae401d0ec0c617,Adam Treloar,West Coast Eagles,MID,,,
afl-player-v1-fb186725cde9cc707a20,Christian Petracca,West Coast Eagles,MID,G-FWD,50%,
afl-player-v1-28ebd34236fec439fb2f,Hugo Garcia,West Coast Eagles,MID,,,
afl-player-v1-3e63685925a5759a6950,Isaac Heeney,West Coast Eagles,MID,G-FWD,20%,
afl-player-v1-77265b1aa054f910d1c1,Jai Newcombe,West Coast Eagles,MID,,,
afl-player-v1-cf9fc9a7e2cfd3156d25,Jordan Dawson,West Coast Eagles,MID,,,
afl-player-v1-52b76fe3c9cc2b8183b7,Marcus Bontempelli,West Coast Eagles,MID,G-FWD,20%,
afl-player-v1-dbd3e05880424b29dd77,Sam Durham,West Coast Eagles,MID,,,
afl-player-v1-3a1a32f650dfcc82c760,Steele Sidebottom,West Coast Eagles,MID,,,
afl-player-v1-f470c8be8364b306c0bc,Thomas Liberatore,West Coast Eagles,MID,,,
afl-player-v1-54454854204fc68ab355,Tim Taranto,West Coast Eagles,MID,,,
afl-player-v1-4a82f8ccfdbd058d9358,Zachary Merrett,West Coast Eagles,MID,G-DEF,15%,
afl-player-v1-64427a9d50f9d2e02896,Alex Davies,Western Bulldogs,MID,,,
afl-player-v1-d4b6cf07e125634be42d,Angus Sheldrick,Western Bulldogs,MID,,,
afl-player-v1-970c598ee4fc55acaa39,Caleb Serong,Western Bulldogs,MID,,,
afl-player-v1-71421bf17a2b7d51e376,Caleb Windsor,Western Bulldogs,MID,G-DEF,20%,
afl-player-v1-58209e6544f9705de29e,Cameron Mackenzie,Western Bulldogs,MID,,,
afl-player-v1-33880cd39dfb13366e39,Cooper Lord,Western Bulldogs,MID,,,
afl-player-v1-e511a100c5f69febc62c,Hugh McCluggage,Western Bulldogs,MID,,,
afl-player-v1-5ad03987496a6cf48e50,Jack Ough,Western Bulldogs,MID,,,
afl-player-v1-1c1aad5bfa253f84eb55,Jai Culley,Western Bulldogs,MID,,,
afl-player-v1-e74d91c43dc37b3dcab3,Joel Freijah,Western Bulldogs,MID,G-FWD,35%,
afl-player-v1-f64a092d53ea034a531f,Marcus Windhager,Western Bulldogs,MID,G-DEF,20%,
afl-player-v1-3b90ae2e238770e20777,Matt Carroll,Western Bulldogs,MID,,,
afl-player-v1-ed0abced88b9c67d7279,Sam Marshall,Western Bulldogs,MID,,,
afl-player-v1-2dfeb757c9c20d8e6638,Alex Van Wyk,Adelaide Crows,RUCK,,,
afl-player-v1-8406445026a762edd922,Dante Visentini,Adelaide Crows,RUCK,K-FWD,20%,
afl-player-v1-53c95637430db16d2617,Flynn Riley,Adelaide Crows,RUCK,,,
afl-player-v1-deef4fc4d61618986f7c,Kieren Briggs,Adelaide Crows,RUCK,,,
afl-player-v1-95fa45c52eff59104176,Louis Emmett,Adelaide Crows,K-FWD,RUC,15%,
afl-player-v1-650b0c72bb3082a86c14,Oscar Steene,Adelaide Crows,RUCK,,,
afl-player-v1-6d1a84a432c2cd83dd4a,Timothy English,Adelaide Crows,RUCK,,,
afl-player-v1-df9f00b1d0c9ef2defb9,Lachlan McAndrew,Brisbane Lions,RUCK,,,
afl-player-v1-9d46c38c720869af0fa4,Oliver Hayes-Brown,Brisbane Lions,RUCK,,,
afl-player-v1-6a28b9ce9e6518235362,Iliro Smit,Carlton Blues,RUCK,,,
afl-player-v1-c6bb2d8cdbc03d55b932,Lloyd Meek,Carlton Blues,RUCK,,,
afl-player-v1-a09b83c45ebe68a91de0,Vigo Visentini,Carlton Blues,RUCK,,,
afl-player-v1-f71449e1a2898d8edeb8,Darcy Fort,Collingwood Magpies,RUCK,,,
afl-player-v1-4cc77402f9bb05a25f98,Lachlan Smith,Collingwood Magpies,RUCK,,,
afl-player-v1-83b07dc4285196c7239b,Sean Darcy,Collingwood Magpies,RUCK,,,
afl-player-v1-ebb0d070891ccae50bb0,Toby Conway,Essendon Bombers,RUCK,,,
afl-player-v1-f264b9550d46c3b1d3f6,Tom De Koning,Essendon Bombers,RUCK,K-FWD,15%,
afl-player-v1-844e63ee5e564d6a075a,Will Green,Essendon Bombers,RUCK,,,
afl-player-v1-1ac4e04886fd5dc6a04d,Harry Barnett,Free agents,RUCK,,,
afl-player-v1-c471c26d8c18e0ea92a0,Jaime Uhr-Henry,Free agents,RUCK,,,
afl-player-v1-a8d4c0c54b6acab698c5,Patrick Carr,Free agents,RUCK,,,
afl-player-v1-97846257ceb7f668dd47,Aiden Riddle,Fremantle Dockers,RUCK,,,
afl-player-v1-de2d5ebfc791372d1128,Logan Smith,Fremantle Dockers,RUCK,,,
afl-player-v1-3becb857d4b323989b82,Max Knobel,Fremantle Dockers,RUCK,,,
afl-player-v1-246485594049e2517cdf,Reilly O'Brien,Geelong Cats,RUCK,,,
afl-player-v1-24528d3a9decf5f0337c,Rhys Stanley,Geelong Cats,RUCK,,,
afl-player-v1-5324fc165b53ca98463b,Alex Dodson,Hawthorn Hawks,RUCK,K-FWD,10%,
afl-player-v1-1abf46c80f3799c0d483,Nick Madden,Hawthorn Hawks,RUCK,,,
afl-player-v1-fc6149dc80445b72a5df,Caleb May,Melbourne Demons,RUCK,,,
afl-player-v1-5c6c87d323c28680111e,Joe Pike,North Melbourne Kangaroos,RUCK,,,
afl-player-v1-ed822a4e2051b799eded,Max Gawn,North Melbourne Kangaroos,RUCK,,,
afl-player-v1-a0b3ea7bd6d63a63235c,Sam Draper,North Melbourne Kangaroos,RUCK,K-FWD,15%,
afl-player-v1-8a8b5b4af8a8dfecdcaf,Harrison Coe,Port Adelaide Power,RUCK,,,
afl-player-v1-6d9e6e921c587840f700,Jarrod Witts,Port Adelaide Power,RUCK,,,
afl-player-v1-0dbc2d44e3412f13c2b1,Rowan Marshall,Port Adelaide Power,RUCK,K-FWD,50%,
afl-player-v1-7e55cca73bb1024b34e5,Ned Reeves,Richmond Tigers,RUCK,,,
afl-player-v1-cfdb2d66b7d42fbb410c,Taylor Goad,Richmond Tigers,RUCK,,,
afl-player-v1-a0d344b6a9014eca92e7,Brodie Grundy,St Kilda Saints,RUCK,,,
afl-player-v1-fa319aa1de63dbbe70a5,Jacob Molier,St Kilda Saints,RUCK,,,
afl-player-v1-ea006b568d7e6484b32a,Jordon Sweet,St Kilda Saints,RUCK,,,
afl-player-v1-a0647984be62bcc3cab3,Luke Jackson,St Kilda Saints,RUCK,,,
afl-player-v1-b0f136f33ad07b15d6d8,Ned Moyle,St Kilda Saints,RUCK,,,
afl-player-v1-e28761609cc2957874ad,Peter Ladhams,St Kilda Saints,RUCK,,,
afl-player-v1-d8c86c5bdaf14f79a1b2,Bailey J. Williams,Sydney Swans,RUCK,,,
afl-player-v1-8614727698f7e9af562e,Marc Pittonet,Sydney Swans,RUCK,,,
afl-player-v1-9929a9b8322b37c5952f,Matthew Flynn,Sydney Swans,RUCK,,,
afl-player-v1-3cd41ae70e67f1401076,Max Heath,Sydney Swans,RUCK,K-FWD,30%,
afl-player-v1-b8023c8175b394310187,Max Mapley,Sydney Swans,RUCK,,,
afl-player-v1-925ceac71aac412ace23,Tristan Xerri,Sydney Swans,RUCK,,,
afl-player-v1-e4ebf44ca266366dbc1c,Darcy Cameron,West Coast Eagles,RUCK,,,
afl-player-v1-537ae4bc02e76416ccca,Samson Ryan,West Coast Eagles,RUCK,,,
afl-player-v1-be68446913746449d2a2,Toby Nankervis,West Coast Eagles,RUCK,,,
afl-player-v1-070a151b7d62bca35dfa,Liam Reidy,Western Bulldogs,RUCK,,,
afl-player-v1-14f592be6d47ac00f7ed,Mitchell Edwards,Western Bulldogs,RUCK,,,
afl-player-v1-9b15397e2d34aa5dc01c,Nick Bryan,Western Bulldogs,RUCK,,,
